0.0,4.5,3.2,-3.423848057395297e-27,-1.7315579044356738e-28,8.449531494722873e-28,-1.2604423949089314e-27,0.0
0.02,4.5,3.2,-4.4068592202116536e-27,-0.02771003225544781,-0.02199001899580612,-0.014696027916584555,0.0
0.04,4.5,3.2,-5.38987038302801e-27,-0.05542006451089562,-0.04398003799161224,-0.02939205583316911,0.0
0.06,4.5,3.2,-6.372881545844367e-27,-0.08313009676634342,-0.06597005698741837,-0.04408808374975366,0.0
0.08,4.499564996935199,3.1996547919695644,-0.0002307040686630825,-0.11088087542335458,-0.0879030003630959,-0.058806069514636364,0.0
0.1,4.497462878159466,3.1979866007749935,-0.0013455636952188655,-0.1387878115231673,-0.10961720582465993,-0.07360820704036435,0.0
0.12,4.495360759383732,3.1963184095804222,-0.002460423321774648,-0.16669474762297998,-0.13133141128622394,-0.08841034456609231,0.0
0.14,4.493258640607999,3.194650218385851,-0.0035752829483304315,-0.19460168372279274,-0.153045616747788,-0.1032124820918203,0.0
0.16,4.490280333553542,3.192300270790679,-0.005154882213580311,-0.22260391274093233,-0.1746287542185246,-0.1180450145784354,0.0
0.18,4.486061158622557,3.1889848119718733,-0.0073926510784573865,-0.25074109668152866,-0.19602627169934764,-0.13292059275681456,0.0
0.2,4.481841983691572,3.1856693531530675,-0.009630419943334466,-0.2788782806221251,-0.21742378918017072,-0.14779617093519376,0.0
0.22,4.477622808760587,3.182353894334262,-0.011868188808211541,-0.30701546456272144,-0.23882130666099377,-0.1626717491135729,0.0
0.24,4.472078507846038,3.1780307153947267,-0.014806525832515214,-0.33532165995861135,-0.2599880503873205,-0.1775727638404655,0.0
0.26,4.4657248098617215,3.173092013310238,-0.01817277523831681,-0.36373108884200994,-0.28101383574215266,-0.1924893154054302,0.0
0.28,4.459371111877406,3.168153311225749,-0.02153902464411841,-0.3921405177254085,-0.3020396210969848,-0.2074058669703949,0.0
0.3,4.45301741389309,3.1632146091412596,-0.024905274049919993,-0.420549946608807,-0.3230654064518169,-0.22232241853535956,0.0
0.32,4.444879786028129,3.1569556226218936,-0.029208187200780614,-0.44922901308618185,-0.3437210642754371,-0.23724715857857126,0.0
0.34,4.436370912138093,3.150421877350104,-0.03370602544144348,-0.4779641926911301,-0.36429969644001964,-0.2521736026910032,0.0
0.36,4.427862038248057,3.143888132078314,-0.038203863682106334,-0.5066993722960783,-0.3848783286046022,-0.2671000468034351,0.0
0.38,4.419277570963259,3.137300250772357,-0.042740968793472944,-0.5354482516866952,-0.40543778915289164,-0.28202584359719907,0.0
0.4,4.408588809297749,3.1292053839308305,-0.04837114633040322,-0.5645784922013852,-0.4254635691519573,-0.2969336209722069,0.0
0.42,4.397900047632239,3.1211105170893036,-0.05400132386733349,-0.5937087327160753,-0.4454893491510229,-0.31184139834721464,0.0
0.44,4.387211285966729,3.1130156502477773,-0.059631501404263765,-0.6228389732307653,-0.4655151291500886,-0.32674917572222245,0.0
0.46,4.375988593566324,3.104553729127163,-0.06553492490102356,-0.6520868047622781,-0.48537048910877884,-0.34164638059431335,0.0
0.48,4.363089974295343,3.0949396807940137,-0.07229602565145168,-0.6817037365008989,-0.50469092663974,-0.3565103999976352,0.0
0.5,4.350191355024361,3.085325632460864,-0.07905712640187983,-0.7113206682395197,-0.5240113641707012,-0.37137441940095706,0.0
0.52,4.33729273575338,3.0757115841277147,-0.08581822715230797,-0.7409375999781406,-0.5433318017016624,-0.386238438804279,0.0
0.54,4.323386326812963,3.06544010991654,-0.09308511308444088,-0.7708283829347287,-0.56223345648439,-0.4010732584789497,0.0
0.56,4.308240928912731,3.0543603882808545,-0.100973817512214,-0.8010558419319467,-0.5806202546285169,-0.41587217964967105,0.0
0.58,4.2930955310125,3.043280666645169,-0.10886252193998706,-0.8312833009291645,-0.5990070527726437,-0.43067110082039234,0.0
0.6,4.277950133112268,3.0322009450094836,-0.11675122636776017,-0.8615107599263825,-0.6173938509167705,-0.4454700219911137,0.0
0.62,4.261301648208932,3.0202069236530815,-0.12537582017590485,-0.8922502838134602,-0.6349337549058899,-0.46021335969728916,0.0
0.64,4.2438631562944105,3.0077323558025637,-0.13438718984516135,-0.9232589437201673,-0.6520285400703453,-0.47492748330833456,0.0
0.66,4.226424664379888,2.995257787952046,-0.14339855951441782,-0.9542676036268742,-0.6691233252348007,-0.48964160691938,0.0
0.68,4.208986172465366,2.9827832201015285,-0.15240992918367435,-0.9852762635335813,-0.6862181103992561,-0.5043557305304255,0.0
0.7000000000000001,4.1895189614163915,2.9691902383025583,-0.16238395974205766,-1.0171628878286068,-0.7016829781664805,-0.5189709966444669,0.0
0.72,4.1697281125793175,2.9554188380077453,-0.17251156180058397,-1.0491895721486204,-0.7168878282445795,-0.5335704922059837,0.0
0.74,4.1499372637422445,2.9416474377129322,-0.18263916385911033,-1.081216256468634,-0.7320926783226787,-0.5481699877675006,0.0
0.76,4.129977910248228,2.9277960388762576,-0.19284357945745045,-1.1133354135569244,-0.7470915897131687,-0.5627548052206292,0.0
0.78,4.107757475843987,2.9128711790496498,-0.20407871807361,-1.1466954171289883,-0.7593271113927716,-0.5771426643743418,0.0
0.8,4.085537041439745,2.8979463192230424,-0.21531385668976957,-1.1800554207010523,-0.7715626330723745,-0.5915305235280545,0.0
0.8200000000000001,4.063316607035504,2.8830214593964345,-0.22654899530592912,-1.2134154242731163,-0.7837981547519774,-0.6059183826817671,0.0
0.84,4.040396954317891,2.8678401457354155,-0.23808570027500428,-1.2472302446345882,-0.7946174450928566,-0.6201199737115455,0.0
0.86,4.015645787028862,2.8519870834579235,-0.2504123204380207,-1.2822364004648203,-0.801727095277341,-0.6338336587802643,0.0
0.88,3.9908946197398336,2.8361340211804316,-0.26273894060103714,-1.3172425562950527,-0.8088367454618253,-0.6475473438489833,0.0
0.9,3.9661434524508046,2.820280958902939,-0.2750655607640536,-1.3522487121252849,-0.8159463956463096,-0.6612610289177022,0.0
0.92,3.9401090233569933,2.804167269821083,-0.2878948996013754,-1.3877969439460751,-0.8182626159961068,-0.6735271321889374,0.0
0.9400000000000001,3.9127022439503527,2.787774860313536,-0.3012618575958927,-1.4239248845624104,-0.8154526299017915,-0.6842451574879153,0.0
0.96,3.885295464543712,2.7713824508059894,-0.3146288155904099,-1.4600528251787455,-0.812642643807476,-0.694963182786893,0.0
0.98,3.857888685137071,2.7549900412984427,-0.32799577358492715,-1.496180765795081,-0.8098326577131605,-0.7056812080858708,0.0
1.0,3.828590370616714,2.738744753029355,-0.34192389063963036,-1.528427750352412,-0.7946074234519511,-0.7098824196274318,0.0
1.02,3.798442879052178,2.7225655126900703,-0.3561039318529641,-1.558932436407919,-0.7738085449772844,-0.7111580028769978,0.0
1.04,3.7682953874876413,2.706386272350786,-0.3702839730662978,-1.589437122463426,-0.7530096665026176,-0.7124335861265639,0.0
1.06,3.7381478959231047,2.6902070320115015,-0.38446401427963156,-1.619941808518933,-0.7322107880279507,-0.7137091693761299,0.0
1.08,3.7059244089281558,2.675443258679238,-0.39873086527007273,-1.6345090020626496,-0.6994226305271815,-0.7067592948112522,0.0
1.1,3.6734627925472347,2.6608418480787552,-0.4130076738734335,-1.6472480676393395,-0.6652592293187907,-0.6988659098754012,0.0
1.12,3.641001176166314,2.646240437478272,-0.4272844824767943,-1.6599871332160294,-0.6310958281103999,-0.6909725249395503,0.0
1.1400000000000001,3.6084390221281084,2.6319086469925224,-0.44149899589651526,-1.6712460179651054,-0.5967573983704969,-0.6827404518743229,0.0
1.16,3.57501100380701,2.619898916057405,-0.45517700214104856,-1.6697570851753167,-0.560911563763441,-0.6715914821736817,0.0
1.18,3.5415829854859115,2.6078891851222883,-0.468855008385582,-1.6682681523855283,-0.5250657291563845,-0.6604425124730403,0.0
1.2,3.5081549671648133,2.595879454187171,-0.4825330146301154,-1.6667792195957396,-0.4892198945493281,-0.649293542772399,0.0
1.22,3.474762073469367,2.5847153433703114,-0.495948011429338,-1.6629612291535116,-0.4538397585363763,-0.6375879181872004,0.0
1.24,3.4414470075095056,2.5754249236674838,-0.5087802424570924,-1.65398260625562,-0.4194914987746527,-0.6246488800534615,0.0
1.26,3.4081319415496445,2.5661345039646557,-0.521612473484847,-1.6450039833577281,-0.38514323901292913,-0.6117098419197228,0.0
1.28,3.3748168755897834,2.5568440842618276,-0.5344447045126014,-1.6360253604598363,-0.3507949792512055,-0.5987708037859839,0.0
1.3,3.3418545695516326,2.548903168771643,-0.5467685753908123,-1.6249647708967505,-0.31722934833381705,-0.585387957480903,0.0
1.32,3.309220633501686,2.5422184523423903,-0.5586192343023698,-1.6119661625077841,-0.2843922350528325,-0.5715919880430074,0.0
1.34,3.27658669745174,2.5355337359131376,-0.5704698932139274,-1.5989675541188177,-0.25155512177184797,-0.5577960186051119,0.0
1.36,3.2439527614017933,2.528849019483885,-0.5823205521254848,-1.5859689457298514,-0.21871800849086342,-0.5440000491672163,0.0
1.3800000000000001,3.2120335832536475,2.5239699260480775,-0.5934126084333123,-1.5712213037792628,-0.18672171655503095,-0.5299127611202442,0.0
1.4000000000000001,3.180385738396269,2.5197762753719246,-0.6042166873150272,-1.5558097013033827,-0.15504461356688565,-0.5157148839679775,0.0
1.42,3.1487378935388897,2.515582624695772,-0.615020766196742,-1.5403980988275026,-0.12336751057874072,-0.501517006815711,0.0
1.44,3.117090048681511,2.51138897401962,-0.6258248450784569,-1.5249864963516222,-0.09169040759059544,-0.4873191296634443,0.0
1.46,3.0865315831086897,2.509434440258408,-0.6356253376505338,-1.508094932533353,-0.060827681640747554,-0.4729366113140344,0.0
1.48,3.056052882286584,2.507643855458844,-0.645352347264981,-1.4910950054028587,-0.03002458467629445,-0.45854057346845756,0.0
1.5,3.0255741814644783,2.5058532706592795,-0.6550793568794282,-1.4740950782723643,0.0007785122881586448,-0.4441445356228807,0.0
1.52,2.9952743669023763,2.504386819649831,-0.6646548803522411,-1.4569400340478393,0.03148857262960878,-0.4297345389282392,0.0
1.54,2.9660853024718015,2.5049329975029693,-0.6732897879737212,-1.4388218284681973,0.06162094499639084,-0.4152378682015388,0.0
1.56,2.9368962380412267,2.505479175356108,-0.6819246955952013,-1.4207036228885555,0.0917533173631729,-0.4007411974748384,0.0
1.58,2.9077071736106515,2.5060253532092465,-0.6905596032166814,-1.4025854173089136,0.12188568972995495,-0.386244526748138,0.0
1.6,2.878993189592291,2.507361636893897,-0.6988143912797259,-1.384181198978631,0.1518359628342741,-0.3717305011632436,0.0
1.62,2.851178595598288,2.510193695366938,-0.7063495627681226,-1.3652355207014595,0.18144149796183998,-0.35718362053753394,0.0
1.6400000000000001,2.823364001604285,2.513025753839979,-0.7138847342565191,-1.3462898424242882,0.21104703308940584,-0.34263673991182436,0.0
1.6600000000000001,2.795549407610282,2.5158578123130204,-0.7214199057449158,-1.3273441641471166,0.2406525682169717,-0.3280898592861148,0.0
1.68,2.7685290080882323,2.5199309217525956,-0.7283452784175569,-1.3080471357611314,0.2700243526561544,-0.3135302516662802,0.0
1.7,2.7421516576765645,2.525008894293278,-0.7347769047851914,-1.2884656236839536,0.29920687215139213,-0.29896033916201337,0.0
1.72,2.7157743072648968,2.53008686683396,-0.741208531152826,-1.268884111606776,0.3283893916466299,-0.2843904266577466,0.0
1.74,2.689396956853229,2.535164839374642,-0.7476401575204605,-1.249302599529598,0.35757191114186765,-0.26982051415347985,0.0
1.76,2.6641478531203933,2.541924249006121,-0.7532322953272006,-1.2293389537598578,0.386491308121473,-0.2552439999757095,0.0
1.78,2.639255981462963,2.5492160451031465,-0.7585586293460689,-1.2092543145809296,0.41532739370818106,-0.24066539553738622,0.0
1.8,2.614364109805532,2.5565078412001725,-0.763884963364937,-1.1891696754020016,0.44416347929488914,-0.22608679109906293,0.0
1.82,2.5894722381481015,2.563799637297198,-0.7692112973838052,-1.1690850362230734,0.4729995648815972,-0.21150818666073962,0.0
1.84,2.5660528989473135,2.573205589967846,-0.7734687813219356,-1.1486065650037631,0.5015565416846799,-0.19692750883465185,0.0
1.86,2.542684673914782,2.582684928698228,-0.7776891636107128,-1.1281144231878655,0.5301038301353845,-0.18234675903766073,0.0
1.8800000000000001,2.5193164488822504,2.5921642674286107,-0.7819095458994899,-1.1076222813719676,0.5586511185860892,-0.16776600924066964,0.0
1.9000000000000001,2.496217766373399,2.6020191017144287,-0.7859381409103563,-1.0870297049422022,0.5871200020176662,-0.1531696514374531,0.0
1.92,2.4744516181525715,2.6137274297010293,-0.7890193257698538,-1.0658906793112586,0.615159397538728,-0.13848602409585983,0.0
1.94,2.4531054777527155,2.6259946511550463,-0.7918083455887626,-1.0441517578917758,0.6427037899405668,-0.12368885810789759,0.0
1.96,2.4322054900417354,2.6388283517565947,-0.7942933971885636,-1.0217258445551656,0.6696573941634246,-0.10877431636636316,0.0
1.98,2.41177006095397,2.652220403274805,-0.796469490179931,-0.9985244674557419,0.6959116561312886,-0.0937484307113564,0.0
2.0,2.3917964918930967,2.66613515791738,-0.7983464517020153,-0.9744876555510135,0.7213728800319261,-0.07863320171879953,0.0
2.02,2.3723013221321896,2.6805569175729347,-0.7999225115963553,-0.9495145195228349,0.7458946721814111,-0.06346217551228346,0.0
2.04,2.353303075671595,2.695467104798493,-0.8011965589235338,-0.9234881241698945,0.7692907582201156,-0.04829302531230151,0.0
2.06,2.3348225745921174,2.710843484378573,-0.8021686127813324,-0.8962743052667614,0.7913197575518163,-0.03321735379073126,0.0
2.08,2.316883275404102,2.726659090401998,-0.8028404828215696,-0.8677239973277945,0.8116629195740701,-0.018369625369124804,0.0
2.1,2.2995115613778774,2.7428807242045985,-0.8032166030734628,-0.8376853686729555,0.8298933007094517,-0.0039270614450115735,0.0
2.12,2.2827368052396486,2.7594668596723775,-0.803304868929399,-0.8060382245698329,0.8454405201768536,0.009915941792673416,0.0
2.14,2.2665907837894474,2.776364867960296,-0.8031170000169633,-0.7727658525135153,0.8575721453333932,0.023013571703957996,0.0
2.16,2.251105740428201,2.7935078569298954,-0.8026676705164812,-0.7380593020959788,0.8654350174649761,0.035342409395147316,0.0
2.18,2.236310453411832,2.810812214296629,-0.801972184037668,-0.7024012600171577,0.8681855091515641,0.04696646882995483,0.0
2.2,2.2222245806488665,2.8281775542458103,-0.8010445410650108,-0.6665612995754927,0.8651664418441591,0.05780051411299851,0.0
2.22,2.2088529227898475,2.845490151216456,-0.799899829491924,-0.6315021668360432,0.8560380804657088,0.06732641346158623,0.0
2.24,2.196181490486237,2.8626290237906815,-0.79856272383127,-0.5982737597618011,0.840854895308365,0.07468252642242905,0.0
2.2600000000000002,2.184175528145401,2.879473468670645,-0.7970751658727684,-0.5678554450790508,0.8201561865359723,0.07920625219088732,0.0
2.2800000000000002,2.1728072460290337,2.895887193525021,-0.7954916487817139,-0.5410749381639135,0.7947468955819283,0.08066342306713532,0.0
2.3000000000000003,2.1619840429575143,2.911783748480882,-0.7938784730545505,-0.5179844947708119,0.7659610465547231,0.0794852230260845,0.0
2.32,2.1516207892641104,2.927107473353977,-0.7922885651175624,-0.4982852698807166,0.7348374357426001,0.07618808089665972,0.0
2.34,2.1416503114418166,2.941811994512152,-0.7907639236870028,-0.48161475925863306,0.7020889279408127,0.07121517617982309,0.0
2.36,2.1320125560338474,2.9558649902409426,-0.7893378248210536,-0.46757782447359164,0.668225328295444,0.06495304808887759,0.0
2.38,2.1226552401253898,2.9692442209602556,-0.7880359226639401,-0.4558032317394863,0.6335997154323955,0.057713774118038394,0.0
2.4,2.1135333994088126,2.9819344532571392,-0.7868776998560254,-0.4459660014019652,0.5984534720734669,0.04973688709230965,0.0
2.42,2.104608492029252,2.9939252572934576,-0.7858778873015491,-0.43779132558285455,0.5629515837340229,0.041200632915158776,0.0
2.44,2.0958474180975797,3.005209493998146,-0.7850476699126347,-0.42950429438563936,0.5274773619170203,0.03266642199352533,0.0
2.46,2.0872696829392625,3.0157118270625514,-0.7844054091887892,-0.41905239028460556,0.4924923906420937,0.024780733148813235,0.0
2.48,2.078923376171207,3.025465435959158,-0.7839299398049927,-0.40630905464159317,0.458182721856864,0.017698431783474296,0.0
2.5,2.070836555963857,3.0345350310893395,-0.7835941449489695,-0.39159002508263224,0.42459405295901953,0.011405863374781425,0.0
2.52,2.063031986791539,3.0429689427332427,-0.7833763438704734,-0.375140101497622,0.391750774262729,0.005877725882161568,0.0
2.54,2.055561548524721,3.05074523148794,-0.7832677426125378,-0.3570097527795429,0.3597417762926656,0.0011553394723786978,0.0
2.56,2.048483271771542,3.0578403090799418,-0.7832575890621392,-0.337259256397473,0.3286510892838173,-0.0027310934577068086,0.0
2.58,2.0417822207895866,3.06434746027935,-0.783319683771778,-0.316210343282318,0.29838674634928647,-0.005904947496558354,0.0
2.6,2.035482005236978,3.0702818202339106,-0.7834410206999584,-0.2939797157873447,0.26894749032047716,-0.00839851975356407,0.0
2.62,2.0296800105618735,3.07556542070518,-0.7836151588641779,-0.27050900125027005,0.24046113302325867,-0.010142768044014124,0.0
2.64,2.0243315021511905,3.080303123629149,-0.7838214529657632,-0.24607871878544177,0.21277968565916963,-0.01128113024116605,0.0
2.66,2.0194477130629322,3.0845171543783296,-0.784048405510521,-0.22079141887797707,0.1858698844880438,-0.011858874413947073,0.0
2.68,2.015093197784239,3.0881727213219516,-0.7842858052360459,-0.1946577047272203,0.15977779262341377,-0.0118631035702007,0.0
2.7,2.0112791973260125,3.091292641065438,-0.784521909846413,-0.16777369827554772,0.13446117731463023,-0.011341445346530709,0.0
2.72,2.00797620971713,3.093933769552656,-0.7847472611808383,-0.14026762743913854,0.1098276758405402,-0.01037028668281852,0.0
2.74,2.0052094626688866,3.096096782775004,-0.7849529480263093,-0.11218242954395395,0.08586508715940194,-0.008969240472163997,0.0
2.7600000000000002,2.0030621408320104,3.0977353058948127,-0.7851263567499045,-0.08350882305871776,0.06262323130583151,-0.007119010699791463,0.0
2.7800000000000002,2.001459563391357,3.09893435794332,-0.7852639018893937,-0.054378063777387915,0.039971568977737335,-0.0049104645296296125,0.0
2.8000000000000003,2.0004100416467567,3.0997047065518037,-0.7853590576606344,-0.024829345714625268,0.01788339591066481,-0.0023671555168422653,0.0
2.82,2.0,3.1,-0.7853981633974483,0.0031424549633619634,-0.0053699638037815155,0.0013960395380945832,0.0
2.84,2.0,3.1,-0.7853981633974483,0.02158861851721774,-0.0368915708777823,0.009590770710881723,0.0
2.86,2.0,3.1,-0.7853981633974483,0.04003478207107352,-0.06841317795178307,0.017785501883668862,0.0
2.88,2.0,3.1,-0.7853981633974483,0.058480945624929295,-0.09993478502578386,0.025980233056456005,0.0
2.9,2.0,3.1,-0.7853981633974483,0.07692710917878508,-0.13145639209978463,0.03417496422924315,0.0
2.92,2.0,3.1,-0.7853981633974483,0.09537327273264085,-0.16297799917378542,0.04236969540203028,0.0
2.94,2.0004949836686188,3.099154150364942,-0.7851782662851079,0.11382096332536472,-0.19450229246056444,0.05053318712097773,0.0
2.96,2.002688107135026,3.0954064455388934,-0.7842039684489498,0.13227389272825363,-0.22603580133386325,0.05858950568818385,0.0
2.98,2.0048812306014336,3.091658740712845,-0.7832296706127916,0.15072682213114252,-0.2575693102071621,0.06664582425538998,0.0
3.0,2.007074354067841,3.0879110358867963,-0.7822553727766335,0.16917975153403145,-0.2891028190804609,0.0747021428225961,0.0
3.02,2.0092674775342485,3.084163331060748,-0.7812810749404754,0.18763268093692037,-0.32063632795375974,0.08275846138980222,0.0
3.04,2.011460601000656,3.0804156262346996,-0.7803067771043173,0.20608561033980927,-0.35216983682705855,0.09081477995700835,0.0
3.06,2.0142703013393577,3.075614276653986,-0.7790632895045222,0.2245414091911323,-0.38370753258305373,0.09881758790553402,0.0
3.08,2.0186573526856346,3.06811745195885,-0.7771311501502074,0.2430045487773777,-0.41525593938569444,0.10668350290188407,0.0
3.1,2.0230444040319115,3.0606206272637135,-0.7751990107958925,0.2614676883636231,-0.4468043461883351,0.1145494178982341,0.0
3.12,2.0274314553781885,3.0531238025685776,-0.7732668714415776,0.2799308279498685,-0.4783527529909758,0.12241533289458413,0.0
3.14,2.031818506724465,3.0456269778734413,-0.7713347320872627,0.2983939675361139,-0.5099011597936165,0.13028124789093418,0.0
3.16,2.036205558070742,3.0381301531783054,-0.7694025927329478,0.31685710712235937,-0.5414495665962572,0.1381471628872842,0.0
3.18,2.0413310062745946,3.029371612168034,-0.7671558716203067,0.33532498629935314,-0.5730044255632544,0.1459256934257729,0.0
3.2,2.0479131994221422,3.018123896341274,-0.7642885284382206,0.3538022159696313,-0.6045720136713709,0.15353182769003448,0.0
3.22,2.0544953925696903,3.006876180514514,-0.7614211852561343,0.3722794456399094,-0.6361396017794876,0.16113796195429608,0.0
3.24,2.0610775857172383,2.9956284646877545,-0.7585538420740482,0.39075667531018754,-0.6677071898876041,0.16874409621855765,0.0
3.2600000000000002,2.067659778864786,2.9843807488609944,-0.7556864988919619,0.4092339049804657,-0.6992747779957207,0.17635023048281923,0.0
3.2800000000000002,2.074241972012334,2.9731330330342347,-0.7528191557098758,0.4277111346507438,-0.7308423661038372,0.1839563647470808,0.0
3.3000000000000003,2.0816846970561147,2.9604151338012534,-0.7495975753797849,0.44619570202683295,-0.7624199417392704,0.19142175631129063,0.0
3.3200000000000003,2.0904637072201537,2.9454142463160258,-0.7458259145332208,0.46469166382901483,-0.7940130266012643,0.19866859423828215,0.0
3.34,2.0992427173841928,2.930413358830798,-0.7420542536866569,0.4831876256311963,-0.8256061114632575,0.20591543216527347,0.0
3.36,2.108021727548232,2.9154124713455705,-0.7382825928400929,0.5016835874333783,-0.8571991963252513,0.21316227009226496,0.0
3.38,2.116800737712271,2.9004115838603424,-0.7345109319935289,0.5201795492355601,-0.8887922811872452,0.22040910801925645,0.0
3.4,2.12557974787631,2.8854106963751147,-0.7307392711469649,0.538675511037742,-0.920385366049239,0.22765594594624794,0.0
3.42,2.1353418571221314,2.868730570305233,-0.7265824256969697,0.5571825888802788,-0.9519941447942921,0.23467241134134537,0.0
3.44,2.1463199114258207,2.8499734797708047,-0.7219491650782616,0.5757034155855528,-0.9836223345019816,0.24140394071441215,0.0
3.46,2.1572979657295104,2.831216389236377,-0.7173159044595534,0.5942242422908268,-1.0152505242096712,0.24813547008747894,0.0
3.48,2.1682760200331996,2.8124592987019486,-0.7126826438408452,0.6127450689961009,-1.0468787139173605,0.25486699946054575,0.0
3.5,2.1792540743368893,2.7937022081675202,-0.7080493832221371,0.6312658957013749,-1.07850690362505,0.2615985288336125,0.0
3.52,2.1902321286405786,2.774945117633092,-0.7034161226034289,0.649786722406649,-1.1101350933327396,0.2683300582066793,0.0
3.54,2.2023164620293345,2.7542988239151924,-0.6983807767930368,0.6683247565357376,-1.141788496535619,0.274663766920277,0.0
3.56,2.215496516740643,2.731781356604021,-0.6929471830866499,0.6868798338697775,-1.1734668726089688,0.2806034515715776,0.0
3.58,2.228676571451952,2.7092638892928504,-0.687513589380263,0.7054349112038173,-1.2051452486823186,0.2865431362228782,0.0
3.6,2.2418566261632606,2.6867464219816792,-0.6820799956738761,0.7239899885378571,-1.2368236247556683,0.29248282087417876,0.0
3.62,2.255036680874569,2.6642289546705085,-0.6766464019674893,0.7425450658718968,-1.2685020008290182,0.29842250552547933,0.0
3.64,2.2682167355858778,2.6417114873593373,-0.6712128082611024,0.7611001432059367,-1.3001803769023679,0.3043621901767799,0.0
3.66,2.2826271989627527,2.617093390245875,-0.6653853471870876,0.7796840433969382,-1.3318996915961792,0.30953003210104835,0.0
3.68,2.298013326248636,2.5908095793402053,-0.659245565348204,0.7982907989384254,-1.3636514689469814,0.3140858342101956,0.0
3.7,2.31339945353452,2.5645257684345353,-0.6531057835093204,0.8168975544799125,-1.3954032462977835,0.31864163631934284,0.0
3.72,2.328785580820404,2.5382419575288653,-0.6469660016704368,0.8355043100213997,-1.4271550236485855,0.3231974384284901,0.0
3.74,2.344171708106288,2.5119581466231957,-0.6408262198315532,0.854111065562887,-1.4589068009993877,0.3277532405376373,0.0
3.7600000000000002,2.3595578353921716,2.4856743357175257,-0.6346864379926695,0.8727178211043741,-1.4906585783501898,0.33230904264678457,0.0
3.7800000000000002,2.376300221938618,2.4570761158341425,-0.6282145805919802,0.891380216586181,-1.5224615383186575,0.3349262643801049,0.0
3.8000000000000003,2.3938985659866807,2.4270172344209993,-0.6215331448484942,0.9100777273484444,-1.5542968004780242,0.3363200161888847,0.0
3.8200000000000003,2.411496910034744,2.396958353007856,-0.6148517091050082,0.9287752381107077,-1.586132062637391,0.33771376799766445,0.0
3.84,2.429095254082807,2.3668994715947136,-0.6081702733615223,0.9474727488729706,-1.617967324796757,0.3391075198064442,0.0
3.86,2.44669359813087,2.3368405901815703,-0.6014888376180363,0.966170259635234,-1.6498025869561237,0.340501271615224,0.0
3.88,2.4642919421789333,2.306781708768427,-0.5948074018745503,0.9848677703974973,-1.6816378491154904,0.34189502342400374,0.0
3.9,2.4833761815784148,2.2741928719694977,-0.5880152043638949,1.00360705946676,-1.7122994598288592,0.3322016446214848,0.0
3.92,2.503197532567537,2.2403489942725963,-0.5811680610037948,1.022367073598697,-1.742378854518591,0.3170082469504441,0.0
3.94,2.523018883556659,2.2065051165756944,-0.5743209176436948,1.0411270877306336,-1.7724582492083227,0.3018148492794034,0.0
3.96,2.5428402345457806,2.172661238878793,-0.5674737742835947,1.0598871018625704,-1.8025376438980545,0.28662145160836267,0.0
3.98,2.5626615855349026,2.1388173611818915,-0.5606266309234945,1.078647115994507,-1.8326170385877862,0.27142805393732194,0.0
4.0,2.5824829365240247,2.10497348348499,-0.5537794875633945,1.0974071301264439,-1.8626964332775178,0.2562346562662813,0.0
4.0200000000000005,2.6039185821443915,2.0685412812262176,-0.5482397323597334,1.107136248327321,-1.8819620100605898,0.22135485282049222,0.0
4.04,2.6259703713003852,2.031121167952918,-0.5431989807119012,1.1134184566264052,-1.8971001717673277,0.1789611473749809,0.0
4.0600000000000005,2.64802216045638,1.9937010546796163,-0.5381582290640688,1.1197006649254897,-1.9122383334740662,0.13656744192946768,0.0
4.08,2.670073949612373,1.9562809414063165,-0.5331174774162366,1.1259828732245738,-1.9273764951808041,0.09417373648395633,0.0
4.1,2.692125738768367,1.9188608281330168,-0.5280767257684044,1.132265081523658,-1.942514656887542,0.051780031038444974,0.0
4.12,2.714177527924361,1.8814407148597152,-0.523035974120572,1.1385472898227424,-1.9576528185942805,0.00938632559293176,0.0
4.14,2.73681123356298,1.8426183644439318,-0.5219221212293264,1.1399135120084312,-1.961009410767917,2.1408287881225656e-05,0.0
4.16,2.7596099345850305,1.8033984266390743,-0.521921693005336,1.139885865764648,-1.9610254813365247,2.140455068183075e-05,0.0
4.18,2.7824086356070796,1.7641784888342185,-0.5219212647813455,1.1398582195208649,-1.9610415519051323,2.1400813482435847e-05,0.0
4.2,2.80520733662913,1.7249585510293608,-0.5219208365573551,1.139830573277082,-1.96105762247374,2.139707628304094e-05,0.0
4.22,2.8280060376511797,1.6857386132245051,-0.5219204083333647,1.1398029270332988,-1.9610736930423476,2.1393339083646036e-05,0.0
4.24,2.8508047386732303,1.6465186754196475,-0.5219199801093742,1.1397752807895156,-1.9610897636109552,2.138960188425113e-05,0.0
4.26,2.8736006969440386,1.607297143272633,-0.5219195522561471,1.1397705344609443,-1.9610925226050984,2.138897071474798e-05,0.0
4.28,2.8963961110156173,1.568075294786401,-0.5219191244764843,1.139770331787684,-1.961092640401427,2.1388955823911477e-05,0.0
4.3,2.9191915250871947,1.5288534463001708,-0.5219186966968213,1.1397701291144235,-1.9610927581977557,2.138894093307497e-05,0.0
4.32,2.9419869391587734,1.489631597813939,-0.5219182689171585,1.1397699264411632,-1.9610928759940844,2.138892604223847e-05,0.0
4.34,2.9647823532303508,1.4504097493277086,-0.5219178411374957,1.1397697237679028,-1.9610929937904131,2.1388911151401964e-05,0.0
4.36,2.9875777673019295,1.4111879008414767,-0.5219174133578329,1.1397695210946424,-1.9610931115867418,2.138889626056546e-05,0.0
4.38,3.0103731599330366,1.371966039893767,-0.5219169855797454,1.1397692837040156,-1.9610932495604794,2.1388880138536904e-05,0.0
4.4,3.033168549908142,1.332744177402352,-0.521916557801853,1.139769042012671,-1.961093390033754,2.1388863863990737e-05,0.0
4.42,3.0559639398832465,1.2935223149109392,-0.5219161300239606,1.1397688003213262,-1.9610935305070287,2.1388847589444573e-05,0.0
4.44,3.078759329858352,1.2543004524195243,-0.5219157022460682,1.1397685586299815,-1.9610936709803033,2.1388831314898405e-05,0.0
4.46,3.1015547198334565,1.2150785899281111,-0.5219152744681759,1.1397683169386366,-1.9610938114535779,2.1388815040352238e-05,0.0
4.48,3.124350109808562,1.1758567274366964,-0.5219148466902834,1.1397680752472918,-1.9610939519268527,2.138879876580607e-05,0.0
4.5,3.1471454726253207,1.1366348491605984,-0.5219144189142199,1.1367728317047634,-1.9560308754418894,0.015194840941661698,0.0
4.5200000000000005,3.169940833864968,1.097412969967866,-0.5219139911382624,1.1336036653636512,-1.9506737728070371,0.031249430858365162,0.0
4.54,3.1927361951046147,1.0581910907751355,-0.521913563362305,1.130434499022539,-1.9453166701721851,0.04730402077506792,0.0
4.5600000000000005,3.215531556344262,1.0189692115824032,-0.5219131355863476,1.1272653326814266,-1.9399595675373327,0.06335861069177139,0.0
4.58,3.2383269175839082,0.9797473323896726,-0.5219127078103901,1.1240961663403144,-1.9346024649024807,0.07941320060847415,0.0
4.6000000000000005,3.261122107006243,0.9405257436338819,-0.5219114096299786,1.120919778114868,-1.9292373575069355,0.09547595541057816,0.0
4.62,3.2835406759090247,0.9019407875317522,-0.5200022002373413,1.1019131467995023,-1.9063259558496084,0.12943599500922276,0.0
4.64,3.305959244811806,0.8633558314296226,-0.5180929908447042,1.0829065154841362,-1.883414554192281,0.16339603460786734,0.0
4.66,3.3283778137145887,0.8247708753274913,-0.5161837814520668,1.0638998841687692,-1.8605031525349531,0.19735607420651344,0.0
4.68,3.3507963826173706,0.7861859192253616,-0.5142745720594295,1.0448932528534032,-1.8375917508776258,0.23131611380515804,0.0
4.7,3.3732149515201533,0.7476009631232303,-0.5123653626667922,1.0258866215380364,-1.8146803492202979,0.26527615340380417,0.0
4.72,3.395507435223789,0.7091679954820093,-0.5102308709353356,1.0068993419122725,-1.7912694785067185,0.2973998463049786,0.0
4.74,3.4156662448528676,0.673307049306184,-0.504284043663703,0.9882395408381722,-1.759406353416044,0.2984480016583002,0.0
4.76,3.4358250544819455,0.6374461031303602,-0.4983372163920707,0.969579739764073,-1.727543228325371,0.29949615701162174,0.0
4.78,3.4559838641110243,0.601585156954535,-0.49239038912043814,0.9509199386899727,-1.6956801032346966,0.3005443123649434,0.0
4.8,3.476142673740102,0.5657242107787113,-0.4864435618488058,0.9322601376158735,-1.6638169781440235,0.3015924677182649,0.0
4.82,3.4963014833691815,0.5298632646028859,-0.4804967345771733,0.9136003365417732,-1.631953853053349,0.3026406230715865,0.0
4.84,3.51621373581545,0.4944233348316133,-0.47453605773501045,0.8949467575613003,-1.600095207282561,0.30321051658284975,0.0
4.86,3.534154021929077,0.462350697652692,-0.4684646119162692,0.8763429429357319,-1.5682723871482651,0.2999552680318096,0.0
4.88,3.5520943080427028,0.43027806047377215,-0.46239316609752823,0.8577391283101643,-1.5364495670139706,0.2967000194807696,0.0
4.9,3.5700345941563296,0.3982054232948508,-0.456321720278787,0.8391353136845959,-1.5046267468796746,0.2934447709297294,0.0
4.92,3.5879748802699556,0.3661327861159309,-0.450250274460046,0.8205314990590283,-1.4728039267453803,0.29018952237868945,0.0
4.94,3.6059151663835824,0.33406014893700964,-0.4441788286413048,0.80192768443346,-1.4409811066110843,0.28693427382764924,0.0
4.96,3.6234872306756762,0.30261737488196944,-0.43817181334797645,0.7833291556285938,-1.4091728333022935,0.2834067090973948,0.0
4.98,3.6392156496820367,0.27432825471459515,-0.43248739445575207,0.7647570923340459,-1.377437394314266,0.27851568785620057,0.0
5.0,3.6549440686883963,0.24603913454722212,-0.4268029755635279,0.7461850290394987,-1.34570195532624,0.27362466661500656,0.0
5.0200000000000005,3.6706724876947567,0.21775001437984784,-0.42111855667130355,0.7276129657449506,-1.3139665163382126,0.26873364537381234,0.0
5.04,3.6864009067011163,0.1894608942124748,-0.41543413777907945,0.7090409024504034,-1.2822310773501866,0.2638426241326184,0.0
5.0600000000000005,3.7021293257074768,0.16117177404510052,-0.4097497188868551,0.6904688391558554,-1.250495638362159,0.25895160289142416,0.0
5.08,3.7173679558460098,0.1337195918358534,-0.40419428769611826,0.671900478332711,-1.218774067964562,0.2538781750249557,0.0
5.1000000000000005,3.7308882827625456,0.10920359965567152,-0.39909137798478356,0.6533451067156475,-1.1871011520897259,0.24816481858413258,0.0
5.12,3.744408609679081,0.0846876074754907,-0.3939884682734491,0.6347897350985849,-1.155428236214891,0.24245146214330973,0.0
5.14,3.7579289365956163,0.0601716152953099,-0.3888855585621146,0.6162343634815223,-1.1237553203400563,0.23673810570248688,0.0
5.16,3.771449263512152,0.035655623115128016,-0.3837826488507799,0.5976789918644587,-1.0920824044652202,0.2310247492616638,0.0
5.18,3.7849695904286875,0.011139630934947214,-0.3786797391394454,0.5791236202473962,-1.0604094885903854,0.22531139282084095,0.0
5.2,3.797878483005068,-0.012332679188178482,-0.3737650952520221,0.560570922435778,-1.0287487011210106,0.21946571218369246,0.0
5.22,3.809192702358777,-0.033082976954350383,-0.36934146478733076,0.5420251981381854,-0.9971195455737466,0.21327491868857523,0.0
5.24,3.8205069217124863,-0.05383327472052321,-0.36491783432263925,0.523479473840592,-0.9654903900264811,0.20708412519345776,0.0
5.26,3.8318211410661953,-0.07458357248669512,-0.36049420385794784,0.5049337495429995,-0.933861234479217,0.20089333169834056,0.0
5.28,3.843135360419905,-0.09533387025286795,-0.3560705733932563,0.48638802524540614,-0.9022320789319516,0.19470253820322309,0.0
5.3,3.854449579773614,-0.11608416801903985,-0.35164694292856497,0.4678423009478136,-0.8706029233846875,0.1885117447081059,0.0
5.32,3.8650306604883005,-0.1355841206555602,-0.3474680432624474,0.44929865709307143,-0.8389843246303523,0.18221909862064883,0.0
5.34,3.8741399192798944,-0.15257392681322868,-0.34378045606497437,0.4307591898581876,-0.8073869193017167,0.17572197704881587,0.0
5.36,3.8832491780714893,-0.16956373297089788,-0.34009286886750123,0.412219722623303,-0.7757895139730796,0.16922485547698263,0.0
5.38,3.8923584368630837,-0.18655353912856637,-0.3364052816700282,0.39368025538841916,-0.744192108644444,0.1627277339051497,0.0
5.4,3.9014676956546785,-0.20354334528623563,-0.332717694472555,0.3751407881535346,-0.7125947033158069,0.15623061233331645,0.0
5.42,3.9105769544462725,-0.22053315144390412,-0.329030107275082,0.35660132091865077,-0.6809972979871712,0.1497334907614835,0.0
5.44,3.918831340921745,-0.23606597144687305,-0.32564210847979275,0.3380636207571834,-0.6494092545909121,0.14315318776161975,0.0
5.46,3.925736383073451,-0.24929906088122408,-0.32272698487572155,0.3195287097730481,-0.6178359882205042,0.1364415898471369,0.0
5.48,3.9326414252251567,-0.2625321503155757,-0.31981186127165023,0.30099379878891197,-0.586262721850095,0.12972999193265372,1.0
5.5,3.939546467376862,-0.2757652397499267,-0.31689673766757903,0.2824588878047766,-0.5546894554796871,0.12301839401817086,1.0
5.5200000000000005,3.946451509528568,-0.2889983291842783,-0.3139816140635077,0.2639239768206405,-0.5231161891092778,0.11630679610368769,1.0
5.54,3.953356551680274,-0.30223141861862934,-0.3110664904594365,0.24538906583650522,-0.49154292273886996,0.10959519818920482,1.0
5.5600000000000005,3.9592849805592625,-0.3138008976354955,-0.3085050041407039,0.22685577570314922,-0.4599782186464434,0.1028110154517206,1.0
5.58,3.963986347778324,-0.32328014030458774,-0.30638784390936163,0.2083245220809744,-0.4284242725923612,0.09593563381710374,1.0
5.6000000000000005,3.9686877149973863,-0.3327593829736804,-0.30427068367801924,0.18979326845879876,-0.3968703265382777,0.08906025218248657,1.0
5.62,3.973389082216448,-0.34223862564277263,-0.30215352344667695,0.17126201483662395,-0.3653163804841955,0.08218487054786972,1.0
5.64,3.97809044943551,-0.3517178683118649,-0.30003636321533467,0.15273076121444915,-0.33376243443011333,0.07530948891325287,1.0
5.66,3.9827918166545717,-0.3611971109809576,-0.2979192029839923,0.1341995075922735,-0.30220848837602976,0.06843410727863569,1.0
5.68,3.9863948363231763,-0.36880615101495684,-0.29620954667714466,0.11566982117401739,-0.27066267992383347,0.06149067777116059,1.0
5.7,3.988892963445072,-0.37453384397308,-0.29490982258960324,0.09714171129856625,-0.23912505756507038,0.0544787948970717,1.0
5.72,3.9913910905669674,-0.3802615369312028,-0.2936100985020619,0.07861360142311592,-0.2075874352063087,0.04746691202298312,1.0
5.74,3.993889217688863,-0.38598922988932594,-0.29231037441452046,0.06008549154766478,-0.17604981284754562,0.040455029148894234,1.0
5.76,3.996387344810759,-0.39171692284744875,-0.2910106503269791,0.041557381672214455,-0.14451219048878397,0.03344314627480566,1.0
5.78,3.9988854719326548,-0.3974446158055719,-0.28971092623943767,0.023029271796763298,-0.11297456813002088,0.026431263400716776,1.0
5.8,4.000163531532489,-0.4010955708221768,-0.28887293141735737,0.013315493019944788,-0.09900490288689799,0.02328488298531145,1.0
5.82,4.000458792327335,-0.4030736548457503,-0.28840687254317954,0.010701906579910943,-0.09918672266171188,0.023252273839427157,1.0
5.84,4.000754053122183,-0.4050517388693238,-0.2879408136690017,0.008088320139877214,-0.09936854243652578,0.023219664693542866,1.0
5.86,4.001049313917029,-0.40702982289289735,-0.2874747547948239,0.00547473369984337,-0.09955036221133969,0.023187055547658573,1.0
5.88,4.001344574711876,-0.4090079069164708,-0.28700869592064604,0.0028611472598096405,-0.09973218198615358,0.02315444640177428,1.0
5.9,4.001639835506722,-0.4109859909400444,-0.2865426370464682,0.0002475608197757967,-0.09991400176096749,0.02312183725588999,1.0
5.92,4.001762173103811,-0.4129761047386408,-0.286078735697175,-0.0008959001055845203,-0.09999584637460433,0.023110885232025032,1.0
5.94,4.001743659935402,-0.4149760171243713,-0.28561659171204995,-0.0008419028136524459,-0.09999625843225758,0.023117573537823167,1.0
5.96,4.001725146766993,-0.41697592951010176,-0.2851544477269249,-0.0007879055217203739,-0.09999667048991083,0.023124261843621298,1.0
5.98,4.001706633598584,-0.41897584189583226,-0.28469230374179977,-0.0007339082297882995,-0.09999708254756406,0.023130950149419433,1.0
6.0,4.001688120430175,-0.4209757542815627,-0.2842301597566747,-0.0006799109378562275,-0.09999749460521731,0.023137638455217564,1.0
6.0200000000000005,4.001669607261767,-0.42297566666729325,-0.28376801577154964,-0.000625913645924153,-0.09999790666287056,0.023144326761015698,1.0
6.04,4.001654648918244,-0.42497560618017666,-0.2833054314725672,-0.0006015271263802943,-0.09999809275962523,0.023150684557855107,1.0
6.0600000000000005,4.001642618391479,-0.42697556803546405,-0.2828424845232908,-0.0006015285635897293,-0.0999980927509805,0.023156770141660486,1.0
6.08,4.001630587864713,-0.42897552989075133,-0.2823795375740144,-0.0006015300007991644,-0.09999809274233575,0.023162855725465864,1.0
6.1000000000000005,4.001618557337948,-0.4309754917460387,-0.281916590624738,-0.0006015314380085995,-0.09999809273369101,0.02316894130927124,1.0
6.12,4.001606526811182,-0.43297545360132594,-0.2814536436754616,-0.0006015328752180347,-0.09999809272504627,0.023175026893076617,1.0
6.140000000000001,4.001594496284417,-0.43497541545661333,-0.2809906967261852,-0.0006015343124274698,-0.09999809271640153,0.023181112476881996,1.0
6.16,4.001582465663509,-0.43697537731133435,-0.2805273511492551,-0.0006015357559915726,-0.09999809270771848,0.023187173243210214,1.0
6.18,4.0015704349642,-0.4389753391655838,-0.28006367359558004,-0.0006015372048478367,-0.09999809269900353,0.023193213341566182,1.0
6.2,4.00155840426489,-0.4409753010198333,-0.279599996041905,-0.0006015386537041009,-0.09999809269028857,0.02319925343992215,1.0
6.22,4.0015463735655805,-0.44297526287408273,-0.27913631848822995,-0.0006015401025603651,-0.09999809268157363,0.023205293538278122,1.0
6.24,4.001534342866271,-0.44497522472833223,-0.2786726409345549,-0.0006015415514166293,-0.09999809267285867,0.02321133363663409,1.0
6.26,4.001522312166961,-0.4469751865825816,-0.27820896338087986,-0.0006015430002728934,-0.09999809266414372,0.023217373734990058,1.0
6.28,4.001510281373225,-0.4489751484362632,-0.2777448921709816,-0.0006015444551872519,-0.09999809265539225,0.023223388859476283,1.0
6.3,4.0014982504999725,-0.4509751102894663,-0.2772804894736608,-0.0006015459152029704,-0.09999809264661001,0.023229382954131846,1.0
6.32,4.001486219626721,-0.4529750721426695,-0.27681608677634,-0.0006015473752186887,-0.09999809263782777,0.023235377048787406,1.0
6.34,4.001474188753469,-0.4549750339958727,-0.27635168407901917,-0.0006015488352344072,-0.09999809262904553,0.02324137114344297,1.0
6.36,4.001462157880217,-0.4569749958490759,-0.2758872813816984,-0.0006015502952501255,-0.0999980926202633,0.023247365238098533,1.0
6.38,4.001450127006965,-0.4589749577022791,-0.2754228786843776,-0.000601551755265844,-0.09999809261148107,0.023253359332754093,1.0
6.4,4.00143809603904,-0.4609749195549128,-0.2749580873058682,-0.0006015532210177813,-0.09999809260266423,0.02325932830074478,1.0
6.42,4.001426064990506,-0.46297488140706167,-0.2744929649878731,-0.0006015546916537764,-0.09999809259381796,0.023265275874837857,1.0
6.44,4.001414033941972,-0.46497484325921057,-0.27402784266987806,-0.0006015561622897715,-0.09999809258497168,0.023271223448930935,1.0
6.46,4.001402002893438,-0.4669748051113594,-0.273562720351883,-0.0006015576329257666,-0.0999980925761254,0.023277171023024013,1.0
6.48,4.001389971844904,-0.4689747669635083,-0.27309759803388794,-0.0006015591035617616,-0.09999809256727912,0.02328311859711709,1.0
6.5,4.00137794079637,-0.4709747288156571,-0.2726324757158929,-0.0006015605741977566,-0.09999809255843284,0.023289066171210168,1.0
6.5200000000000005,4.001365909652959,-0.4729746906672353,-0.2721669696947456,-0.00060156205024937,-0.0999980925495539,0.02329498846948512,1.0
6.54,4.001353878427868,-0.47497465251832205,-0.2717011333410996,-0.0006015635309633238,-0.09999809254064683,0.02330088900764654,1.0
6.5600000000000005,4.001341847202777,-0.4769746143694089,-0.2712352969874536,-0.0006015650116772777,-0.09999809253173976,0.02330678954580796,1.0
6.58,4.001329815977686,-0.47897457622049566,-0.27076946063380763,-0.0006015664923912315,-0.0999980925228327,0.023312690083969377,1.0
6.6000000000000005,4.001317784752596,-0.4809745380715825,-0.27030362428016164,-0.0006015679731051853,-0.09999809251392563,0.0233185906221308,1.0
6.62,4.001305753527504,-0.4829744999226693,-0.26983778792651564,-0.0006015694538191392,-0.09999809250501857,0.023324491160292216,1.0
6.640000000000001,4.001293722207374,-0.4849744617731844,-0.26937157285014834,-0.0006015709396449115,-0.09999809249608067,0.023330366277149822,1.0
6.66,4.001281690804516,-0.4869744236232018,-0.2689050281077474,-0.0006015724299203584,-0.09999809248711593,0.02333621926557434,1.0
6.68,4.0012696594016575,-0.4889743854732192,-0.2684384833653465,-0.0006015739201958054,-0.09999809247815118,0.02334207225399886,1.0
6.7,4.0012576279987995,-0.49097434732323675,-0.26797193862294555,-0.0006015754104712524,-0.09999809246918644,0.02334792524242338,1.0
6.72,4.0012455965959415,-0.49297430917325413,-0.2675053938805446,-0.0006015769007466994,-0.09999809246022169,0.023353778230847895,1.0
6.74,4.001233565193083,-0.49497427102327163,-0.2670388491381437,-0.0006015783910221464,-0.09999809245125695,0.023359631219272415,1.0
6.76,4.001221533695063,-0.49697423287271664,-0.2665719306552371,-0.0006015798859368597,-0.09999809244226421,0.02336545864465022,1.0
6.78,4.001209502113291,-0.49897419472165794,-0.266104683232662,-0.0006015813849347235,-0.09999809243324682,0.023371263571262204,1.0
6.8,4.001197470531518,-0.5009741565705991,-0.2656374358100869,-0.0006015828839325874,-0.09999809242422944,0.02337706849787419,1.0
6.82,4.0011854389497445,-0.5029741184195404,-0.2651701883875118,-0.0006015843829304512,-0.09999809241521206,0.023382873424486177,1.0
6.84,4.001173407367972,-0.5049740802684816,-0.2647029409649367,-0.0006015858819283151,-0.09999809240619467,0.023388678351098164,1.0
6.86,4.001161375786199,-0.5069740421174228,-0.2642356935423616,-0.0006015873809261789,-0.09999809239717729,0.02339448327771015,1.0
6.88,4.001149344109202,-0.5089740039657912,-0.26376807736266317,-0.000601588884383288,-0.09999809238813298,0.023400262503268668,1.0
6.9,4.001137312347467,-0.5109739658136498,-0.2633001330299719,-0.0006015903918086313,-0.09999809237906473,0.02340601885773649,1.0
6.92,4.0011252805857325,-0.5129739276615084,-0.2628321886972807,-0.0006015918992339746,-0.09999809236999649,0.023411775212204312,1.0
6.94,4.001113248823997,-0.5149738895093671,-0.2623642443645895,-0.000601593406659318,-0.09999809236092823,0.023417531566672135,1.0
6.96,4.001101217062262,-0.5169738513572256,-0.2618963000318983,-0.0006015949140846613,-0.09999809235185998,0.023423287921139957,1.0
6.98,4.001089185300526,-0.5189738132050842,-0.261428355699207,-0.0006015964215100046,-0.09999809234279174,0.02342904427560778,1.0
7.0,4.001077153443529,-0.5209737750523697,-0.2609600475933245,-0.000601597932951484,-0.09999809233369923,0.02343477479481878,1.0
7.0200000000000005,4.001065121500821,-0.5229737368991397,-0.26049141218184296,-0.0006015994480064894,-0.09999809232458491,0.023440482068709866,1.0
7.04,4.001053089558112,-0.5249736987459096,-0.2600227767703615,-0.0006016009630614948,-0.09999809231547059,0.023446189342600954,1.0
7.0600000000000005,4.001041057615403,-0.5269736605926796,-0.25955414135888,-0.0006016024781165002,-0.09999809230635627,0.02345189661649204,1.0
7.08,4.001029025672694,-0.5289736224394495,-0.2590855059473985,-0.0006016039931715057,-0.09999809229724196,0.023457603890383125,1.0
7.1000000000000005,4.001016993729985,-0.5309735842862194,-0.258616870535917,-0.0006016055082265111,-0.09999809228812764,0.023463311164274213,1.0
7.12,4.001004961692032,-0.5329735461324163,-0.2581478763351016,-0.000601607026917416,-0.09999809227899137,0.023468992472540674,1.0
7.140000000000001,4.000992929567433,-0.5349735079780921,-0.25767855573719556,-0.0006016085489159641,-0.09999809226983511,0.023474650159412806,1.0
7.16,4.000980897442834,-0.5369734698237678,-0.25720923513928945,-0.0006016100709145121,-0.09999809226067885,0.023480307846284933,1.0
7.18,4.000968865318235,-0.5389734316694434,-0.2567399145413834,-0.0006016115929130602,-0.09999809225152259,0.023485965533157065,1.0
7.2,4.000956833193636,-0.5409733935151192,-0.2562705939434773,-0.0006016131149116083,-0.09999809224236633,0.023491623220029192,1.0
7.22,4.000944801069037,-0.5429733553607949,-0.25580127334557123,-0.0006016146369101563,-0.09999809223321007,0.023497280906901324,1.0
7.24,4.0009327688492595,-0.544973317205898,-0.2553315989414867,-0.0006016161621986391,-0.09999809222403393,0.0235029125016437,1.0
7.26,4.0009207365419375,-0.5469732790504745,-0.25486159911032263,-0.0006016176905131681,-0.0999980922148395,0.02350852009712856,1.0
7.28,4.000908704234615,-0.5489732408950511,-0.2543915992791585,-0.000601619218827697,-0.09999809220564508,0.023514127692613424,1.0
7.3,4.0008966719272925,-0.5509732027396275,-0.2539215994479944,-0.000601620747142226,-0.09999809219645064,0.023519735288098285,1.0
7.32,4.00088463961997,-0.552973164584204,-0.25345159961683034,-0.000601622275456755,-0.09999809218725622,0.023525342883583145,1.0
7.34,4.000872607312648,-0.5549731264287805,-0.25298159978566626,-0.0006016238037712839,-0.0999980921780618,0.02353095047906801,1.0
7.36,4.000860574910256,-0.556973088272785,-0.25251125113014705,-0.0006016253349541506,-0.09999809216885001,0.0235365318598394,1.0
7.38,4.000848542419452,-0.5589730501162576,-0.25204057807944347,-0.0006016268688044772,-0.09999809215962212,0.023542088861788938,1.0
7.4,4.000836509928648,-0.5609730119597303,-0.2515699050287398,-0.0006016284026548038,-0.09999809215039421,0.023547645863738476,1.0
7.42,4.000824477437844,-0.5629729738032029,-0.25109923197803624,-0.0006016299365051304,-0.09999809214116631,0.023553202865688013,1.0
7.44,4.00081244494704,-0.5649729356466756,-0.25062855892733266,-0.000601631470355457,-0.0999980921319384,0.02355875986763755,1.0
7.46,4.000800412456236,-0.5669728974901481,-0.25015788587662907,-0.0006016330042057835,-0.0999980921227105,0.023564316869587088,1.0
7.48,4.0007883798705235,-0.5689728593330499,-0.24968686898142517,-0.0006016345407302997,-0.09999809211346641,0.023569847538144853,1.0
7.5,4.000776347195573,-0.5709728211754146,-0.2492155287851859,-0.0006016360797692322,-0.09999809210420711,0.023575353446635732,1.0
7.5200000000000005,4.000764314520623,-0.5729727830177793,-0.24874418858894665,-0.0006016376188081648,-0.09999809209494781,0.023580859355126615,1.0
7.54,4.000752281845672,-0.574972744860144,-0.2482728483927074,-0.0006016391578470974,-0.09999809208568851,0.023586365263617497,1.0
7.5600000000000005,4.000740249170723,-0.5769727067025089,-0.24780150819646815,-0.00060164069688603,-0.09999809207642921,0.023591871172108377,1.0
7.58,4.000728216495772,-0.5789726685448735,-0.2473301680002289,-0.0006016422359249625,-0.09999809206716992,0.02359737708059926,1.0
7.6000000000000005,4.0007161837261,-0.5809726303866685,-0.2468584889367419,-0.0006016437769980486,-0.0999980920578983,0.0236028565410267,1.0
7.62,4.0007041508663805,-0.5829725922279216,-0.24638648772898908,-0.0006016453200049034,-0.09999809204861494,0.02360831085859352,1.0
7.640000000000001,4.000692118006661,-0.5849725540691748,-0.24591448652123626,-0.000601646863011758,-0.0999980920393316,0.02361376517616034,1.0
7.66,4.000680085146941,-0.586972515910428,-0.24544248531348348,-0.0006016484060186128,-0.09999809203004825,0.023619219493727164,1.0
7.68,4.000668052287222,-0.588972477751681,-0.2449704841057307,-0.0006016499490254675,-0.09999809202076491,0.023624673811293986,1.0
7.7,4.0006560194275025,-0.5909724395929343,-0.24449848289797788,-0.0006016514920323223,-0.09999809201148158,0.023630128128860808,1.0
7.72,4.000643986473325,-0.5929724014336191,-0.24402614779698256,-0.0006016530368801684,-0.09999809200218707,0.02363555588767706,1.0
7.74,4.0006319534283605,-0.5949723632737578,-0.2435534917714615,-0.0006016545834975001,-0.09999809199288182,0.023640958119308737,1.0
7.76,4.000619920383396,-0.5969723251138963,-0.24308083574594044,-0.0006016561301148318,-0.09999809198357658,0.02364636035094041,1.0
7.78,4.000607887338431,-0.598972286954035,-0.2426081797204194,-0.0006016576767321635,-0.09999809197427134,0.023651762582572088,1.0
7.8,4.000595854293466,-0.6009722487941737,-0.24213552369489835,-0.0006016592233494951,-0.0999980919649661,0.02365716481420376,1.0
7.82,4.0005838212485,-0.6029722106343123,-0.24166286766937728,-0.0006016607699668268,-0.09999809195566087,0.023662567045835435,1.0
7.84,4.000571788109367,-0.6049721724738844,-0.24118988272073003,-0.0006016623180135306,-0.09999809194634693,0.02366794261207,1.0
7.86,4.000559754878723,-0.6069721343129059,-0.24071657813061453,-0.0006016638674492719,-0.09999809193702457,0.023673292265360153,1.0
7.88,4.000547721648079,-0.6089720961519274,-0.24024327354049907,-0.0006016654168850133,-0.09999809192770219,0.023678641918650305,1.0
7.9,4.000535688417434,-0.6109720579909489,-0.23976996895038358,-0.0006016669663207546,-0.09999809191837981,0.023683991571940458,1.0
7.92,4.00052365518679,-0.6129720198299704,-0.23929666436026809,-0.000601668515756496,-0.09999809190905744,0.02368934122523061,1.0
7.94,4.0005116219561465,-0.6149719816689919,-0.2388233597701526,-0.0006016700651922372,-0.09999809189973506,0.023694690878520764,1.0
7.96,4.000499588631674,-0.6169719435074489,-0.2383497312224908,-0.0006016716156948272,-0.09999809189040619,0.023700013763832354,1.0
7.98,4.000487555215012,-0.6189719053453512,-0.2378757843800705,-0.0006016731672456169,-0.09999809188107091,0.023705310349070464,1.0
8.0,4.00047552179835,-0.6209718671832535,-0.23740183753765023,-0.0006016747187964067,-0.09999809187173563,0.02371060693430857,1.0
8.02,4.000463488381689,-0.6229718290211558,-0.23692789069522996,-0.0006016762703471966,-0.09999809186240036,0.02371590351954668,1.0
8.040000000000001,4.000451454965027,-0.6249717908590582,-0.23645394385280966,-0.0006016778218979863,-0.09999809185306507,0.02372120010478479,1.0
8.06,4.000439421548366,-0.6269717526969605,-0.23597999701038938,-0.0006016793734487761,-0.09999809184372979,0.0237264966900229,1.0
8.08,4.0004273880382595,-0.6289717145343005,-0.2355057311708167,-0.0006016809257102247,-0.09999809183439015,0.023731766408795863,1.0
8.1,4.000415354435326,-0.630971676371082,-0.23503114844717343,-0.0006016824786776245,-0.09999809182504618,0.02373700943907091,1.0
8.120000000000001,4.000403320832393,-0.6329716382078636,-0.23455656572353012,-0.0006016840316450244,-0.0999980918157022,0.023742252469345956,1.0
8.14,4.00039128722946,-0.6349716000446451,-0.23408198299988686,-0.0006016855846124242,-0.09999809180635823,0.023747495499621,1.0
8.16,4.000379253626527,-0.6369715618814267,-0.2336074002762436,-0.000601687137579824,-0.09999809179701424,0.023752738529896046,1.0
8.18,4.000367220023594,-0.6389715237182082,-0.23313281755260035,-0.0006016886905472239,-0.09999809178767027,0.02375798156017109,1.0
8.2,4.000355186327642,-0.64097148555443,-0.23265792078636047,-0.000601690243876685,-0.09999809177832403,0.023763197629617098,1.0
8.22,4.000343152538268,-0.6429714473900898,-0.23218270861103205,-0.0006016917975697829,-0.09999809176897552,0.023768386620919554,1.0
8.24,4.000331118748894,-0.6449714092257496,-0.23170749643570368,-0.0006016933512628809,-0.099998091759627,0.02377357561222201,1.0
8.26,4.00031908495952,-0.6469713710614093,-0.23123228426037531,-0.0006016949049559788,-0.09999809175027848,0.02377876460352447,1.0
8.28,4.000307051170146,-0.648971332897069,-0.23075707208504695,-0.0006016964586490767,-0.09999809174092995,0.023783953594826927,1.0
8.3,4.000295017380772,-0.6509712947327289,-0.23028185990971856,-0.0006016980123421746,-0.09999809173158145,0.023789142586129384,1.0
8.32,4.000282983498848,-0.6529712565678317,-0.22980633863985664,-0.0006016995660576734,-0.0999980917222327,0.02379430452638897,1.0
8.34,4.000270949522945,-0.654971218402369,-0.22933050350048875,-0.0006017011197959194,-0.09999809171288374,0.02379943899771416,1.0
8.36,4.000258915547041,-0.6569711802369065,-0.22885466836112087,-0.0006017026735341654,-0.09999809170353477,0.023804573469039355,1.0
8.38,4.0002468815711385,-0.658971142071444,-0.22837883322175295,-0.0006017042272724113,-0.0999980916941858,0.02380970794036455,1.0
8.4,4.000234847595236,-0.6609711039059815,-0.22790299808238507,-0.0006017057810106572,-0.09999809168483684,0.02381484241168974,1.0
8.42,4.000222813619333,-0.6629710657405188,-0.22742716294301718,-0.0006017073347489032,-0.09999809167548787,0.023819976883014935,1.0
8.44,4.000210779551391,-0.6649710275745024,-0.22695102365002928,-0.0006017088881800335,-0.09999809166614067,0.02382508421725911,1.0
8.46,4.000198745388953,-0.6669709894079175,-0.22647457209201446,-0.0006017104412958577,-0.09999809165679527,0.02383016369070935,1.0
8.48,4.000186711226517,-0.6689709512413325,-0.22599812053399967,-0.000601711994411682,-0.09999809164744988,0.023835243164159588,1.0
8.5,4.000174677064081,-0.6709709130747475,-0.2255216689759849,-0.0006017135475275062,-0.09999809163810448,0.023840322637609827,1.0
8.52,4.0001626429016435,-0.6729708749081625,-0.22504521741797015,-0.0006017151006433304,-0.09999809162875908,0.023845402111060062,1.0
8.540000000000001,4.000150608739207,-0.6749708367415777,-0.22456876585995533,-0.0006017166537591546,-0.09999809161941368,0.0238504815845103,1.0
8.56,4.0001385744852795,-0.6769707985744422,-0.2240920150814255,-0.0006017182062497075,-0.09999809161007196,0.02163863185285055,1.0
8.58,4.0001265401363835,-0.6789707604067352,-0.2236149537075304,-0.0006017197580912195,-0.09999809160073406,0.01712557648285308,1.0
8.6,4.000114505787487,-0.6809707222390282,-0.2231378923336353,-0.0006017213099327313,-0.09999809159139615,0.01261252111285561,1.0
8.620000000000001,4.000102471438591,-0.6829706840713214,-0.22266083095974012,-0.0006017228617742433,-0.09999809158205825,0.008099465742857737,1.0
8.64,4.000090437089695,-0.6849706459036145,-0.22218376958584501,-0.0006017244136157551,-0.09999809157272034,0.0035864103728602686,1.0
8.66,4.000078402740799,-0.6869706077359075,-0.2217067082119499,-0.000601725965457267,-0.09999809156338244,-0.0009266449971372,1.0
8.68,4.000066368300999,-0.6889705695676535,-0.22149401255544218,-0.0005528160773485012,-0.09186985918206027,-0.0029744912663082486,1.0
8.700000000000001,4.000054333765797,-0.6909705313988257,-0.22155876577323022,-0.0004525741780829822,-0.07521113750769058,-0.0024351280565521965,1.0
8.72,4.000042299230595,-0.6929704932299977,-0.22162351899101823,-0.00035233227881747205,-0.05855241583332238,-0.0018957648467961923,1.0
8.74,4.0000302646953925,-0.6949704550611696,-0.22168827220880627,-0.0002520903795519619,-0.04189369415895418,-0.001356401637040188,1.0
8.76,4.00001823016019,-0.6969704168923416,-0.22175302542659428,-0.00015184848028645178,-0.025234972484585977,-0.0008170384272841837,1.0
8.78,4.000006195624988,-0.6989703787235136,-0.22181777864438232,-5.160658102094169e-05,-0.008576250810217775,-0.00027767521752817973,1.0
8.8,4.0,-0.7,-0.22185111492596346,0.004555579151693933,0.011875875689418723,-0.0191794942779133,1.0
8.82,4.0,-0.7,-0.22185111492596346,0.0139450500732927,0.036353156347105446,-0.058710209872323386,1.0
8.84,4.0,-0.7,-0.22185111492596346,0.023334520994891465,0.06083043700479217,-0.09824092546673348,1.0
8.86,4.0,-0.7,-0.22185111492596346,0.03272399191649023,0.08530771766247888,-0.13777164106114356,1.0
8.88,4.0,-0.7,-0.22185111492596346,0.04211346283808983,0.10978499832016779,-0.17730235665555716,1.0
8.9,4.0,-0.7,-0.22185111492596346,0.051502933759688604,0.1342622789778545,-0.21683307224996726,1.0
8.92,4.0,-0.7,-0.22185111492596346,0.06089240468128737,0.15873955963554123,-0.25636378784437736,1.0
8.94,4.0,-0.7,-0.22185111492596346,0.07028187560288614,0.18321684029322796,-0.2958945034387874,1.0
8.96,4.0,-0.7,-0.22185111492596346,0.07967134652448574,0.20769412095091686,-0.335425219033201,1.0
8.98,4.0,-0.7,-0.22185111492596346,0.0890608174460845,0.23217140160860356,-0.3749559346276111,1.0
9.0,4.0,-0.7,-0.22185111492596346,0.09845028836768327,0.2566486822662903,-0.4144866502220212,1.0
9.02,4.0,-0.7,-0.22185111492596346,0.10783975928928204,0.281125962923977,-0.45401736581643126,1.0
9.040000000000001,4.0,-0.7,-0.22185111492596346,0.11722923021088164,0.3056032435816659,-0.4935480814108449,1.0
9.06,4.000074064270847,-0.6998069228863509,-0.2221629337335422,0.12661776080939013,0.33007763427966313,-0.5330851342241573,1.0
9.08,4.0026009340580115,-0.6932196613162049,-0.23280133623082513,0.13597515048614875,0.35445631743895994,-0.5728320583465905,1.0
9.1,4.005127803845176,-0.6866323997460588,-0.2434397387281081,0.14533254016290734,0.37883500059825675,-0.6125789824690235,1.0
9.120000000000001,4.007654673632341,-0.6800451381759123,-0.25407814122539196,0.15468992983966676,0.40321368375755573,-0.6523259065914602,1.0
9.14,4.010181543419505,-0.6734578766057662,-0.2647165437226749,0.16404731951642534,0.42759236691685254,-0.6920728307138933,0.0
9.16,4.01270841320667,-0.6668706150356202,-0.2753549462199579,0.17340470919318393,0.45197105007614935,-0.7318197548363264,0.0
9.18,4.015235282993833,-0.6602833534654742,-0.2859933487172408,0.18276209886994252,0.47634973323544616,-0.7715666789587595,0.0
9.200000000000001,4.017762152780999,-0.6536960918953275,-0.2966317512145247,0.19211948854670197,0.5007284163947452,-0.8113136030811962,0.0
9.22,4.0202890225681625,-0.6471088303251815,-0.3072701537118076,0.20147687822346055,0.525107099554042,-0.8510605272036293,0.0
9.24,4.022815892355327,-0.6405215687550355,-0.31790855620909053,0.21083426790021914,0.5494857827133388,-0.8908074513260624,0.0
9.26,4.0253427621424915,-0.6339343071848895,-0.3285469587063735,0.22019165757697773,0.5738644658726356,-0.9305543754484955,0.0
9.28,4.027869631929656,-0.6273470456147434,-0.33918536120365644,0.22954904725373632,0.5982431490319324,-0.9703012995709286,0.0
9.3,4.030396501716821,-0.6207597840445969,-0.34982376370094037,0.23890643693049574,0.6226218321912314,-1.0100482236933652,0.0
9.32,4.032923371503985,-0.6141725224744508,-0.36046216619822324,0.24826382660725432,0.6470005153505283,-1.0497951478157983,0.0
9.34,4.036894303228289,-0.6038230655010967,-0.3772344395960784,0.25825522741655743,0.6706471159884527,-1.090632575576083,0.0
9.36,4.0419394091821506,-0.590675076660964,-0.3985694300626214,0.26871824125180954,0.6937491526030879,-1.1322811810808204,0.0
9.38,4.046984515136013,-0.5775270878208301,-0.4199044205291663,0.27918125508706254,0.7168511892177252,-1.1739297865855614,0.0
9.4,4.052029621089875,-0.5643790989806974,-0.4412394109957093,0.28964426892231465,0.7399532258323602,-1.2155783920902987,0.0
9.42,4.057074727043737,-0.5512311101405647,-0.4625744014622523,0.3001072827575667,0.7630552624469954,-1.2572269975950363,0.0
9.44,4.062119832997599,-0.538083121300432,-0.48390939192879534,0.3105702965928188,0.7861572990616306,-1.2988756030997737,0.0
9.46,4.0671649389514615,-0.5249351324602982,-0.5052443823953402,0.3210333104280718,0.8092593356762677,-1.3405242086045148,0.0
9.48,4.072210044905323,-0.5117871436201655,-0.5265793728618833,0.33149632426332387,0.8323613722909029,-1.3821728141092522,0.0
9.5,4.077255150859185,-0.49863915478003284,-0.5479143633284262,0.341959338098576,0.8554634089055381,-1.4238214196139896,0.0
9.52,4.082300256813047,-0.48549116593990016,-0.5692493537949692,0.35242235193382804,0.8785654455201732,-1.465470025118727,0.0
9.540000000000001,4.08734536276691,-0.4723431770997663,-0.5905843442615142,0.36288536576908104,0.9016674821348104,-1.507118630623468,0.0
9.56,4.0923904687207715,-0.4591951882596336,-0.6119193347280572,0.37334837960433315,0.9247695187494456,-1.5487672361282054,0.0
9.58,4.097435574674633,-0.44604719941950094,-0.6332543251946001,0.38381139343958526,0.9478715553640806,-1.5904158416329428,0.0
9.6,4.1028117400970245,-0.4321682406997519,-0.6559071161936166,0.3943092396090472,0.970053641982627,-1.6334980144308324,0.0
9.620000000000001,4.110672624891222,-0.4128030923592667,-0.6884504701351863,0.40506851486845863,0.9853311758133282,-1.6873396209942395,0.0
9.64,4.118533509685419,-0.39343794401878324,-0.7209938240767532,0.41582779012786913,1.000608709644028,-1.7411812275576415,0.0
9.66,4.126394394479616,-0.37407279567829976,-0.75353717801832,0.42658706538727964,1.0158862434747278,-1.7950228341210437,0.0
9.68,4.134255279273813,-0.35470764733781635,-0.7860805319598869,0.4373463406466901,1.0311637773054276,-1.8488644406844459,0.0
9.700000000000001,4.142116164068011,-0.33534249899733115,-0.8186238859014566,0.44810561590610154,1.0464413111361286,-1.9027060472478527,0.0
9.72,4.149977048862208,-0.3159773506568477,-0.8511672398430234,0.4588648911655121,1.0617188449668284,-1.956547653811255,0.0
9.74,4.157837933656405,-0.2966122023163642,-0.8837105937845904,0.46962416642492255,1.0769963787975283,-2.010389260374657,0.0
9.76,4.165698818450602,-0.2772470539758808,-0.9162539477261572,0.48038344168433306,1.0922739126282281,-2.0642308669380593,0.0
9.78,4.173559703244799,-0.25788190563539726,-0.948797301667724,0.49114271694374356,1.1075514464589278,-2.1180724735014613,0.0
9.8,4.181420588038997,-0.23851675729491212,-0.9813406556092938,0.501901992203155,1.122828980289629,-2.171914080064868,0.0
9.82,4.189281472833194,-0.21915160895442864,-1.0138840095508606,0.5126612674625656,1.1381065141203288,-2.22575568662827,0.0
9.84,4.197142357627392,-0.1997864606139452,-1.0464273634924275,0.523420542721976,1.1533840479510284,-2.2795972931916726,0.0
9.86,4.205003242421589,-0.18042131227346175,-1.0789707174339944,0.5341798179813866,1.1686615817817283,-2.3334388997550746,0.0
9.88,4.214780096714297,-0.1583356006862576,-1.1211019732963796,0.5324045517377741,1.1935399960350819,-2.330309455894221,0.0
9.9,4.225536489446247,-0.1348590025120699,-1.1681350391773588,0.5242210074761465,1.2233268555595451,-2.2980535912537188,0.0
9.92,4.236292882178198,-0.11138240433788218,-1.2151681050583378,0.5160374632145188,1.2531137150840086,-2.2657977266132168,0.0
9.94,4.247049274910148,-0.08790580616369446,-1.262201170939317,0.5078539189528912,1.282900574608472,-2.2335418619727148,0.0
9.96,4.257805667642098,-0.06442920798950467,-1.3092342368203003,0.4996703746912628,1.312687434132938,-2.20128599733221,0.0
9.98,4.268562060374049,-0.040952609815316954,-1.3562673027012795,0.49148683042963515,1.3424742936574015,-2.169030132691708,0.0
10.0,4.279318453105999,-0.017476011641129247,-1.4033003685822587,0.4833032861680075,1.372261153181865,-2.136774268051206,0.0
10.02,4.290074845837949,0.006000586533058461,-1.4503334344632377,0.47511974190637984,1.4020480127063284,-2.104518403410704,0.0
10.040000000000001,4.3008312385699,0.02947718470724825,-1.4973665003442211,0.46693619764475147,1.4318348722307943,-2.0722625387701994,0.0
10.06,4.31158763130185,0.052953782881435985,-1.5443995662252001,0.4587526533831239,1.4616217317552578,-2.0400066741296974,0.0
10.08,4.3223440240338,0.07643038105562366,-1.5914326321061794,0.45056910912149617,1.4914085912797213,-2.0077508094891954,0.0
10.1,4.333100416765751,0.0999069792298114,-1.6384656979871584,0.4423855648598686,1.5211954508041847,-1.9754949448486934,0.0
10.120000000000001,4.3438568094977015,0.12338357740400119,-1.6854987638681418,0.4342020205982402,1.5509823103286506,-1.9432390802081885,0.0
10.14,4.354159884263789,0.1485101841976056,-1.7307450534479853,0.43348141049528116,1.5735622939919809,-1.910501375269859,0.0
10.16,4.362713943028331,0.1800029438802907,-1.7690975056394904,0.4615546983733063,1.5683363177077687,-1.875904607919374,0.0
10.18,4.371268001792873,0.21149570356297578,-1.8074499578309957,0.48962798625133147,1.5631103414235565,-1.841307840568889,0.0
10.200000000000001,4.379822060557415,0.2429884632456637,-1.8458024100225043,0.5177012741293591,1.557884365139344,-1.806711073218401,0.0
10.22,4.388376119321957,0.27448122292834876,-1.8841548622140096,0.5457745620073843,1.5526583888551317,-1.772114305867916,0.0
10.24,4.396930178086499,0.3059739826110339,-1.9225073144055147,0.5738478498854094,1.5474324125709196,-1.737517538517431,0.0
10.26,4.4054842368510405,0.337466742293719,-1.96085976659702,0.6019211377634346,1.5422064362867074,-1.702920771166946,0.0
10.28,4.414038295615582,0.36895950197640415,-1.999212218788525,0.6299944256414597,1.5369804600024952,-1.668324003816461,0.0
10.3,4.422592354380125,0.400452261659092,-2.037564670980034,0.6580677135194872,1.5317544837182826,-1.633727236465973,0.0
10.32,4.431146413144667,0.43194502134177715,-2.075917123171539,0.6861410013975124,1.5265285074340704,-1.599130469115488,0.0
10.34,4.439700471909209,0.4634377810244622,-2.114269575363044,0.7142142892755377,1.5213025311498583,-1.5645337017650032,0.0
10.36,4.448254530673751,0.49493054070714737,-2.1526220275545493,0.7422875771535626,1.516076554865646,-1.5299369344145182,0.0
10.38,4.456808589438293,0.5264233003898352,-2.190974479746058,0.7703608650315903,1.5108505785814335,-1.49534016706403,0.0
10.4,4.465362648202835,0.5579160600725204,-2.229326931937563,0.7984341529096155,1.5056246022972213,-1.460743399713545,0.0
10.42,4.479582710277435,0.5883540662452752,-2.2606967535523843,0.7948241335788692,1.4845057321555375,-1.425895328835889,0.0
10.44,4.495691778643441,0.618440424897351,-2.289738614456962,0.7806511188923512,1.4580882811902025,-1.3909634751014464,0.0
10.46,4.511800847009449,0.6485267835494293,-2.318780475361543,0.766478104205832,1.4316708302248653,-1.3560316213670005,0.0
10.48,4.527909915375455,0.678613142201505,-2.3478223362661206,0.752305089519314,1.4052533792595303,-1.321099767632558,0.0
10.5,4.544018983741461,0.7086995008535808,-2.3768641971706983,0.738132074832796,1.3788359282941953,-1.2861679138981152,0.0
10.52,4.560128052107467,0.7387858595056565,-2.4059060580752765,0.723959060146278,1.3524184773288603,-1.2512360601636725,0.0
10.540000000000001,4.5762371204734755,0.7688722181577349,-2.434947918979857,0.7097860454597587,1.326001026363523,-1.2163042064292267,0.0
10.56,4.592346188839482,0.7989585768098106,-2.4639897798844346,0.6956130307732407,1.299583575398188,-1.1813723526947841,0.0
10.58,4.608455257205487,0.8290449354618863,-2.4930316407890123,0.6814400160867227,1.2731661244328532,-1.1464404989603414,0.0
10.6,4.624564325571494,0.8591312941139622,-2.5220735016935905,0.6672670014002047,1.2467486734675182,-1.1115086452258987,0.0
10.620000000000001,4.640673393937502,0.8892176527660405,-2.551115362598171,0.6530939867136855,1.2203312225021807,-1.076576791491453,0.0
10.64,4.656782462303508,0.9193040114181161,-2.5801572235027486,0.6389209720271675,1.1939137715368457,-1.0416449377570103,0.0
10.66,4.672891530669514,0.949390370070192,-2.6091990844073267,0.6247479573406495,1.167496320571511,-1.0067130840225675,0.0
10.68,4.687878850874011,0.9773858731274927,-2.6354762023428586,0.6097186026827842,1.141031022249825,-0.9737974847369952,0.0
10.700000000000001,4.700173714701398,1.0003628366650228,-2.6551172943917445,0.5926338330075887,1.1144508791491072,-0.9457213648773837,0.0
10.72,4.712468578528784,1.0233398002025507,-2.6747583864406286,0.5755490633323944,1.0878707360483921,-0.9176452450177746,0.0
10.74,4.7247634423561715,1.0463167637400788,-2.6943994784895127,0.5584642936572003,1.0612905929476768,-0.8895691251581653,0.0
10.76,4.737058306183558,1.0692937272776066,-2.7140405705383963,0.5413795239820062,1.0347104498469615,-0.8614930052985562,0.0
10.78,4.749353170010944,1.0922706908151347,-2.7336816625872804,0.524294754306812,1.0081303067462462,-0.8334168854389471,0.0
10.8,4.761648033838332,1.1152476543526648,-2.7533227546361663,0.5072099846316164,0.9815501636455286,-0.8053407655793354,0.0
10.82,4.7739428976657186,1.1382246178901927,-2.7729638466850504,0.49012521495642225,0.9549700205448134,-0.7772646457197263,0.0
10.84,4.786237761493105,1.1612015814277208,-2.7926049387339344,0.4730404452812281,0.9283898774440981,-0.7491885258601172,0.0
10.86,4.798532625320491,1.1841785449652489,-2.8122460307828185,0.45595567560603395,0.9018097343433829,-0.7211124060005081,0.0
10.88,4.810827489147879,1.2071555085027788,-2.831887122831704,0.4388709059308383,0.8752295912426652,-0.6930362861408963,0.0
10.9,4.823122352975266,1.2301324720403068,-2.851528214880588,0.42178613625564415,0.84864944814195,-0.6649601662812872,0.0
10.92,4.835417216802652,1.253109435577835,-2.871169306929472,0.40470136658045,0.8220693050412347,-0.6368840464216781,0.0
10.94,4.847712080630038,1.2760863991153628,-2.8908103989783562,0.38761659690525585,0.7954891619405194,-0.608807926562069,0.0
10.96,4.856152929586975,1.2930673633671892,-2.9041180264561266,0.3716950794572215,0.7667338842288783,-0.5862959253525861,0.0
10.98,4.863849985010312,1.3088911485094146,-2.9162033467680906,0.35599806023080705,0.7375588232230141,-0.564857753801593,0.0
11.0,4.871547040433648,1.32471493365164,-2.928288667080054,0.3403010410043925,0.70838376221715,-0.5434195822505999,0.0
11.02,4.8792440958569845,1.3405387187938655,-2.940373987392018,0.32460402177797804,0.679208701211286,-0.5219814106996069,0.0
11.040000000000001,4.886941151280322,1.3563625039360925,-2.952459307703983,0.3089070025515621,0.6500336402054192,-0.5005432391486119,0.0
11.06,4.894638206703658,1.3721862890783179,-2.9645446280159464,0.29320998332514764,0.620858579199555,-0.47910506759761884,0.0
11.08,4.902335262126995,1.3880100742205435,-2.97662994832791,0.27751296409873316,0.5916835181936909,-0.45766689604662575,0.0
11.1,4.910032317550331,1.4038338593627688,-2.988715268639874,0.26181594487231863,0.5625084571878267,-0.43622872449563266,0.0
11.120000000000001,4.917729372973668,1.4196576445049958,-3.0008005889518388,0.24611892564590276,0.53333339618196,-0.41479055294463774,0.0
11.14,4.925426428397005,1.4354814296472211,-3.0128859092638023,0.23042190641948826,0.5041583351760959,-0.3933523813936446,0.0
11.16,4.933123483820341,1.4513052147894467,-3.0249712295757663,0.21472488719307378,0.47498327417023173,-0.37191420984265156,0.0
11.18,4.940820539243678,1.4671289999316721,-3.0370565498877298,0.19902786796665928,0.4458082131643676,-0.35047603829165846,0.0
11.200000000000001,4.948517594667015,1.482952785073899,-3.0491418701996946,0.18333084874024339,0.41663315215850083,-0.3290378667406635,0.0
11.22,4.954599431949055,1.4957744659866272,-3.059021209675046,0.1687017335455165,0.3872865257552003,-0.3068231594402727,0.0
11.24,4.9580721467292435,1.5037467352330196,-3.0653371454885034,0.15579764382422576,0.35766276332454505,-0.2833540847913217,0.0
11.26,4.961544861509432,1.511719004479412,-3.0716530813019602,0.142893554102935,0.32803900089388977,-0.2598850101423706,0.0
11.28,4.965017576289621,1.5196912737258044,-3.0779690171154175,0.12998946438164422,0.2984152384632345,-0.23641593549341955,0.0
11.3,4.96849029106981,1.5276635429721974,-3.084284952928875,0.11708537466035232,0.2687914760325766,-0.2129468608444664,0.0
11.32,4.971963005849998,1.5356358122185898,-3.0906008887423324,0.10418128493906156,0.23916771360192127,-0.1894777861955153,0.0
11.34,4.975435720630187,1.5436080814649822,-3.096916824555789,0.09127719521777079,0.209543951171266,-0.16600871154656424,0.0
11.36,4.978908435410376,1.5515803507113746,-3.1032327603692464,0.07837310549648004,0.17992018874061072,-0.14253963689761318,0.0
11.38,4.982381150190565,1.5595526199577678,-3.109548696182704,0.06546901577518813,0.1502964263099528,-0.11907056224866003,0.0
11.4,4.985853864970753,1.5675248892041602,-3.115864631996161,0.05256492605389737,0.12067266387929754,-0.09560148759970896,0.0
11.42,4.989326579750942,1.5754971584505526,-3.122180567809618,0.039660836332606614,0.09104890144864225,-0.0721324129507579,0.0
11.44,4.992799294531131,1.583469427696945,-3.1284965036230754,0.02675674661131583,0.06142513901798696,-0.0486633383018068,0.0
11.46,4.99627200931132,1.591441696943338,-3.134812439436533,0.013852656890023934,0.03180137658732907,-0.025194263652853655,0.0
11.48,4.999744724091508,1.5994139661897304,-3.14112837524999,0.0009485671687331776,0.0021776141566737794,-0.0017251890039026163,0.0
