0.0,4.5,-3.4,-3.410770024903414e-18,-1.072844957657921e-17,9.540540638853752e-18,6.132462212987459e-18,0.0
0.02,4.5,-3.4,-4.173687810720575e-18,-0.03660590062381113,0.0021455908285185343,0.0066523048925263804,0.0
0.04,4.5,-3.4,-4.936605596537735e-18,-0.07321180124762225,0.004291181657037059,0.013304609785052756,0.0
0.06,4.5,-3.4,-5.699523382354896e-18,-0.10981770187143335,0.006436772485555583,0.019956914677579127,0.0
0.08,4.4995360822165384,-3.399972808270677,8.430669613531663e-05,-0.14642358039289027,0.008582360473583623,0.026609499623868015,0.0
0.1,4.496728587254825,-3.3998082518647883,0.0005945062036267672,-0.18302934725970774,0.010727934112283158,0.03326349931998951,0.0
0.12,4.493921092293111,-3.3996436954589,0.0011047057111182174,-0.2196351141265252,0.012873507750982692,0.03991749901611101,0.0
0.14,4.491113597331398,-3.3994791390530112,0.0016149052186096682,-0.2562408809933427,0.015019081389682228,0.04657149871223251,0.0
0.16,4.487378270193048,-3.399260199624181,0.0022937610759012255,-0.2928466217570921,0.017164518071956326,0.05322582764113088,0.0
0.18,4.481763290528134,-3.3989310881307797,0.003314290074096486,-0.3294523096398368,0.0193096773005081,0.0598808235475673,0.0
0.2,4.476148310863219,-3.3986019766373787,0.004334819072291747,-0.3660579975225815,0.021454836529059877,0.06653581945400372,0.0
0.22,4.470533331198304,-3.3982728651439778,0.005355348070487008,-0.4026636854053262,0.02359999575761165,0.07319081536044014,0.0
0.24,4.463526606271403,-3.3978621948720034,0.006628899469217195,-0.4392693627199572,0.02574475267655458,0.07984592601912618,0.0
0.26,4.4551041479609825,-3.397368560074337,0.008159834362613694,-0.47587502928432246,0.027889100351680195,0.08650115340793167,0.0
0.28,4.446681689650563,-3.396874925276671,0.00969076925601019,-0.5124806958486877,0.03003344802680581,0.09315638079673716,0.0
0.3,4.438259231340143,-3.3963812904790043,0.011221704149406684,-0.5490863624130529,0.03217779570193142,0.09981160818554262,0.0
0.32,4.427981113761104,-3.3957789517835004,0.013090013978104094,-0.5856920570418653,0.03432134525640714,0.10646639260214422,0.0
0.34,4.416751178440194,-3.395120855923779,0.015131372520276356,-0.6222977660656905,0.036464485433252196,0.11312094980634214,0.0
0.36,4.405521243119284,-3.394462760064057,0.017172731062448612,-0.6589034750895156,0.03860762561009724,0.11977550701054004,0.0
0.38,4.394291307798374,-3.3938046642043354,0.019214089604620874,-0.6955091841133407,0.0407507657869423,0.12643006421473799,0.0
0.4,4.380741795701183,-3.393010764987294,0.02167712434864592,-0.7321149885933753,0.04289258328772306,0.133083151475632,0.0
0.42,4.366704380113348,-3.392188300674776,0.024228855139686353,-0.7687208131518216,0.04503412257470406,0.1397359295462994,0.0
0.44,4.352666964525515,-3.3913658363622585,0.02678058593072679,-0.8053266377102679,0.04717566186168506,0.14638870761696685,0.0
0.46,4.33862954893768,-3.3905433720497413,0.029332316721767233,-0.8419324622687143,0.04931720114866606,0.1530414856876343,0.0
0.48,4.321808632433075,-3.389558065439843,0.03238992367000811,-0.878538486135277,0.05145676741054185,0.15969112604594676,0.0
0.5,4.304963727717372,-3.3885713554550145,0.0354518902590075,-0.9151445117194772,0.05359631666888716,0.16634073936345395,0.0
0.52,4.2881188230016685,-3.387584645470186,0.03851385684800689,-0.9517505373036773,0.05573586592723246,0.17299035268096113,0.0
0.54,4.270833987261675,-3.3865722223935446,0.04165573845512757,-0.9883566102021428,0.05787504337450453,0.1796391989890571,0.0
0.56,4.251181578000402,-3.3854214193619456,0.045227698120874286,-1.0249629377314384,0.06001221984888927,0.18628391748830944,0.0
0.58,4.23152916873913,-3.3842706163303466,0.04879965778662098,-1.0615692652607338,0.062149396323273993,0.1929286359875618,0.0
0.6,4.211876759477858,-3.3831198132987472,0.052371617452367694,-1.0981755927900296,0.06428657279765873,0.19957335448681415,0.0
0.62,4.191320492369755,-3.3819162405998036,0.05610764386178668,-1.134782055905103,0.06642286504134454,0.20621580824852104,0.0
0.64,4.16886055540519,-3.3806015265024505,0.0601892211954708,-1.1713888045856098,0.068557294953101,0.21285349210906113,0.0
0.66,4.146400618440625,-3.379286812405098,0.06427079852915492,-1.2079955532661166,0.07069172486485749,0.21949117596960124,0.0
0.68,4.123940681476061,-3.377972098307745,0.06835237586283904,-1.2446023019466237,0.07282615477661396,0.22612885983014133,0.0
0.7000000000000001,4.1001129477347495,-3.3765776320756427,0.07268196764513601,-1.2812093240835238,0.07495907032168246,0.23276184428613783,0.0
0.72,4.074845450766638,-3.375099217560563,0.07727262312410117,-1.3178166340646895,0.07709039182185606,0.23938988207902995,0.0
0.74,4.049577953798526,-3.373620803045483,0.08186327860306637,-1.3544239440458556,0.07922171332202968,0.24601791987192212,0.0
0.76,4.024310456830413,-3.372142388530403,0.08645393408203156,-1.3910312540270218,0.0813530348222033,0.2526459576648143,0.0
0.78,3.9972112064680987,-3.3705573271353946,0.09137624273983681,-1.4276390369031304,0.0834821018618596,0.2592656531054904,0.0
0.8,3.9691361064474022,-3.3689154506026737,0.09647523655749832,-1.464247071709641,0.08560996785855204,0.26588090423527516,0.0
0.8200000000000001,3.941061006426706,-3.3672735740699533,0.10157423037515984,-1.5008551065161515,0.08773783385524447,0.27249615536505994,0.0
0.84,3.91298590640601,-3.365631697537233,0.10667322419282133,-1.5374631413226618,0.0898656998519369,0.27911140649484467,0.0
0.86,3.882615071891751,-3.363856379933662,0.11218706847384415,-1.5740719235182832,0.09199046935148089,0.28571315764806304,0.0
0.88,3.851732313227884,-3.362051306403651,0.11779341995518403,-1.6106808723736539,0.0941145483653986,0.2923118984514161,0.0
0.9,3.820849554564017,-3.36024623287364,0.12339977143652392,-1.6472898212290246,0.09623862737931634,0.29891063925476913,0.0
0.92,3.7899667959001495,-3.3584411593436285,0.1290061229178638,-1.6838987700843953,0.09836270639323406,0.3055093800581222,0.0
0.9400000000000001,3.7563242890069675,-3.356475963125563,0.13510991734190342,-1.720508831663276,0.10048274316816264,0.31208760078938336,0.0
0.96,3.7226338015968166,-3.3545079830414655,0.1412223602249944,-1.7571189125877797,0.1026027096654063,0.31866546476213414,0.0
0.98,3.6889433141866657,-3.352540002957368,0.14733480310808542,-1.7937289935122835,0.10472267616264998,0.32524332873488493,0.0
1.0,3.6548368380155076,-3.3505479343650157,0.15352198817734483,-1.830339280475285,0.1068419728535479,0.3318173340786843,0.0
1.02,3.618338535034863,-3.3484173631369063,0.16013892131057658,-1.8669507521058744,0.10895741833276637,0.33836915331305234,0.0
1.04,3.581840232054219,-3.346286791908797,0.16675585444380836,-1.9035622237364636,0.11107286381198483,0.3449209725474203,0.0
1.06,3.545341929073575,-3.3441562206806874,0.1733727875770401,-1.940173695367053,0.11318830929120328,0.35147279178178836,0.0
1.08,3.5079636331432344,-3.341974802627136,0.1801472001689536,-1.9596501889970854,0.11184718548046886,0.3450396571645958,0.0
1.1,3.4686574079316883,-3.3396819869951604,0.1872666260472643,-1.9415865797984444,0.10293324969559299,0.31015848469189344,0.0
1.12,3.4293511827201417,-3.3373891713631854,0.194386051925575,-1.9235229705998034,0.09401931391071712,0.27527731221919105,0.0
1.1400000000000001,3.390044957508595,-3.33509635573121,0.20150547780388572,-1.9054593614011623,0.08510537812584125,0.2403961397464887,0.0
1.16,3.3514018346676098,-3.3331307644033576,0.20734444040931269,-1.8785164940239731,0.07944939688096989,0.21910560488235742,0.0
1.18,3.313481000634844,-3.331521604394618,0.21178864960651628,-1.8419018337345698,0.07734216497919741,0.2126187653103174,0.0
1.2,3.275560166602078,-3.3299124443858785,0.21623285880371984,-1.8052871734451668,0.07523493307742493,0.20613192573827738,0.0
1.22,3.237639332569312,-3.3283032843771387,0.22067706800092343,-1.7686725131557635,0.07312770117565247,0.19964508616623736,0.0
1.24,3.201526625723582,-3.326798184962185,0.22480094018296864,-1.7320570968384714,0.07102244681183627,0.1931734730273056,0.0
1.26,3.1664139584763777,-3.3253506394157744,0.22874764025990488,-1.6954412623770179,0.06891828618538438,0.18671028132916723,0.0
1.28,3.1313012912291733,-3.323903093869364,0.2326943403368411,-1.6588254279155645,0.0668141255589325,0.1802470896310289,0.0
1.3,3.096188623981969,-3.3224555483229534,0.23664104041377734,-1.622209593454111,0.0647099649324806,0.17378389793289054,0.0
1.32,3.063348185583498,-3.321138578374453,0.2401866612623578,-1.58559294598818,0.06260786144890261,0.1673379067366875,0.0
1.34,3.0310437751751538,-3.3198524117384567,0.2436376658962127,-1.548976106731199,0.060506243253661954,0.16089597320856955,0.0
1.36,2.9987393647668097,-3.3185662451024602,0.24708867053006758,-1.512359267474218,0.05840462505842131,0.1544540396804516,0.0
1.3800000000000001,2.9664349543584656,-3.3172800784664638,0.2505396751639225,-1.475742428217237,0.05630300686318066,0.14801210615233365,0.0
1.4000000000000001,2.9368668915644616,-3.3161509641061824,0.2535092791690205,-1.4391247653068633,0.05420349110810064,0.14158831713017062,0.0
1.42,2.90737081505792,-3.3150259813884624,0.25646621875828746,-1.402507080728282,0.05210403066282886,0.1351650054434217,0.0
1.44,2.877874738551378,-3.3139009986707424,0.2594231583475544,-1.3658893961497003,0.05000457021755706,0.12874169375667271,0.0
1.46,2.8487707412206547,-3.3127984956573107,0.2623113211481972,-1.3292716169833731,0.04790536382050606,0.12232057050375077,0.0
1.48,2.82208306344798,-3.3118345313689144,0.26477562389775394,-1.292653254888306,0.04580772308091017,0.11591293420903492,0.0
1.5,2.795395385675305,-3.3108705670805176,0.26723992664731067,-1.256034892793239,0.04371008234131428,0.1095052979143191,0.0
1.52,2.7687077079026303,-3.309906602792121,0.2697042293968674,-1.2194165306981721,0.04161244160171838,0.10309766161960326,0.0
1.54,2.7428761922716967,-3.3089916827669152,0.2720187172639523,-1.1827980160305722,0.039515261129999965,0.0966938236271678,0.0
1.56,2.718996965195116,-3.3081885973452465,0.2739915854003088,-1.1461791534550296,0.03741913019745796,0.09029864682366659,0.0
1.58,2.695117738118536,-3.3073855119235773,0.2759644535366654,-1.1095602908794868,0.03532299926491596,0.08390347002016538,0.0
1.6,2.671238511041955,-3.306582426501908,0.27793732167302193,-1.0729414283039442,0.03322686833237396,0.07750829321666415,0.0
1.62,2.648679539862932,-3.305854914952039,0.27967961820510406,-1.0363224174189047,0.031131311137980403,0.07111735860725063,0.0
1.6400000000000001,2.6276088018668697,-3.3052125926022224,0.28116200731078167,-0.9997032393548245,0.029036400678929916,0.06473120592990159,1.0
1.6600000000000001,2.6065380638708078,-3.304570270252406,0.2826443964164593,-0.9630840612907443,0.026941490219879433,0.058345053252552556,1.0
1.68,2.5854673258747454,-3.303927947902589,0.2841267855221368,-0.9264648832266645,0.02484657976082897,0.05195890057520359,1.0
1.7,2.566180941203386,-3.3033877048631277,0.2852979947115982,-0.8898456262865033,0.022752270724798053,0.04557618990538481,1.0
1.72,2.5479187164842823,-3.3029060519807683,0.2862905968932866,-0.8532263240740735,0.020658306885742696,0.03919545483435528,1.0
1.74,2.5296564917651785,-3.302424399098409,0.287283199074975,-0.8166070218616436,0.018564343046687335,0.03281471976332574,1.0
1.76,2.5113942670460743,-3.3019427462160498,0.28827580125666347,-0.7799877196492138,0.016470379207631974,0.026433984692296204,1.0
1.78,2.495380489326982,-3.301589663962501,0.2888766224987507,-0.7433684750471666,0.014376962843047366,0.020054598578556515,1.0
1.8,2.479926787406413,-3.3012686079464384,0.28937985326056775,-0.7067492447955495,0.012283682851346518,0.013675548482668833,1.0
1.82,2.464473085485843,-3.300947551930376,0.28988308402238483,-0.6701300145439323,0.010190402859645668,0.007296498386781147,1.0
1.84,2.4490193835652736,-3.3006264959143135,0.2903863147842019,-0.6335107842923151,0.00809712286794482,0.0009174482908934634,1.0
1.86,2.436278210940194,-3.300460497316502,0.29041702441044087,-0.5968918161169517,0.006004256191118768,-0.00546366057279382,1.0
1.8800000000000001,2.4236330262991137,-3.3002999857189623,0.2904310129818043,-0.5602728572156528,0.003911404140221975,-0.011844842289876988,1.0
1.9000000000000001,2.4109878416580335,-3.3001394741214227,0.2904450015531677,-0.5236538983143537,0.001818552089325182,-0.01822602400696016,1.0
1.92,2.398710753019239,-3.3,0.29039484609776495,-0.49183805646121137,-4.45166253561635e-16,-0.023761247093364933,1.0
1.94,2.3888740648463953,-3.3,0.2899194289936719,-0.4918658885669342,-3.2390657018072054e-16,-0.023687939188764752,1.0
1.96,2.3790373766735513,-3.3,0.28944401188957886,-0.4918937206726571,-2.026468867998061e-16,-0.02361463128416457,1.0
1.98,2.3692006885007078,-3.3,0.28896859478548576,-0.4919215527783799,-8.138720341889165e-17,-0.02354132337956439,1.0
2.0,2.3593640003278638,-3.3,0.2884931776813927,-0.4919493848841027,3.98724799620228e-17,-0.02346801547496421,1.0
2.02,2.34952731215502,-3.3,0.28801776057729966,-0.4919772169898256,1.6113216334293724e-16,-0.023394707570364024,1.0
2.04,2.3396906239821766,-3.3,0.2875423434732066,-0.49200504909554843,2.823918467238517e-16,-0.023321399665763843,1.0
2.06,2.3298539358093326,-3.3,0.2870669263691136,-0.4920328812012713,4.0365153010476613e-16,-0.023248091761163662,1.0
2.08,2.320017247636489,-3.3,0.2865915092650205,-0.49206071330699414,5.249112134856806e-16,-0.02317478385656348,1.0
2.1,2.310180559463645,-3.3,0.2861160921609275,-0.49208854541271696,6.46170896866595e-16,-0.023101475951963296,1.0
2.12,2.3003388695750586,-3.3,0.2856538492415028,-0.492115193137162,6.334344735277321e-16,-0.023031032374904475,1.0
2.14,2.290497088724431,-3.3,0.2851918459100093,-0.49214181932225054,6.182611745256363e-16,-0.02296064088898657,1.0
2.16,2.2806553078738037,-3.3,0.2847298425785158,-0.4921684455073391,6.030878755235406e-16,-0.022890249403068663,1.0
2.18,2.270813527023176,-3.3,0.2842678392470223,-0.49219507169242765,5.87914576521445e-16,-0.022819857917150757,1.0
2.2,2.2609717461725487,-3.3,0.2838058359155288,-0.4922216978775162,5.727412775193493e-16,-0.02274946643123285,1.0
2.22,2.2511299653219212,-3.3,0.28334383258403534,-0.4922483240626047,5.575679785172536e-16,-0.022679074945314945,1.0
2.24,2.241288184471294,-3.3,0.28288182925254185,-0.4922749502476933,5.423946795151578e-16,-0.02260868345939704,1.0
2.2600000000000002,2.2314464036206667,-3.3,0.28241982592104836,-0.49230157643278183,5.272213805130621e-16,-0.022538291973479133,1.0
2.2800000000000002,2.2216046227700392,-3.3,0.2819578225895549,-0.49232820261787036,5.120480815109664e-16,-0.022467900487561226,1.0
2.3000000000000003,2.211758782492858,-3.3,0.2815065511397075,-0.4923538776316131,3.6002779287922886e-16,-0.022399818464815115,1.0
2.32,2.201912129622032,-3.3,0.28105742793881117,-0.49237936224511536,1.8061422768956196e-16,-0.02233219873768498,1.0
2.34,2.192065476751205,-3.3,0.28060830473791476,-0.49240484685861763,1.2006624998911163e-18,-0.022264579010554845,1.0
2.36,2.1822188238803784,-3.3,0.28015918153701835,-0.49243033147211984,-1.7821290268977988e-16,-0.022196959283424706,1.0
2.38,2.172372171009552,-3.3,0.279710058336122,-0.4924558160856221,-3.5762646787945077e-16,-0.02212933955629457,1.0
2.4,2.1625255181387253,-3.3,0.2792609351352256,-0.4924813006991244,-5.370400330691217e-16,-0.022061719829164432,1.0
2.42,2.1526788652678985,-3.3,0.27881181193432925,-0.49250678531262665,-7.164535982587925e-16,-0.021994100102034297,1.0
2.44,2.142832212397072,-3.3,0.27836268873343284,-0.4925322699261289,-8.958671634484635e-16,-0.02192648037490416,1.0
2.46,2.132985559526245,-3.3,0.27791356553253643,-0.4925577545396312,-1.0752807286381343e-15,-0.021858860647774023,1.0
2.48,2.1231357157374195,-3.3,0.2774729089699256,-0.4925824994314605,-1.0634167360835965e-15,-0.021793044287221175,1.0
2.5,2.1132843997294843,-3.3,0.27703615872727866,-0.49260690303204274,-9.633015017430949e-16,-0.02172805996018924,1.0
2.52,2.1034330837215487,-3.3,0.27659940848463166,-0.492631306632625,-8.631862674025933e-16,-0.021663075633157305,1.0
2.54,2.0935817677136135,-3.3,0.27616265824198466,-0.49265571023320726,-7.630710330620917e-16,-0.021598091306125368,1.0
2.56,2.083730451705678,-3.3,0.27572590799933766,-0.4926801138337895,-6.629557987215901e-16,-0.02153310697909343,1.0
2.58,2.073879135697742,-3.3,0.2752891577566907,-0.4927045174343717,-5.628405643810884e-16,-0.021468122652061498,1.0
2.6,2.064027819689807,-3.3,0.2748524075140437,-0.49272892103495397,-4.627253300405869e-16,-0.02140313832502956,1.0
2.62,2.0541765036818713,-3.3,0.2744156572713967,-0.4927533246355362,-3.6261009570008523e-16,-0.021338153997997624,1.0
2.64,2.044325187673936,-3.3,0.2739789070287498,-0.4927777282361185,-2.624948613595836e-16,-0.021273169670965687,1.0
2.66,2.0344714811078264,-3.3,0.27354852260141177,-0.4928015835406874,-2.5911884146463857e-16,-0.021209527395773715,1.0
2.68,2.0246156997649365,-3.3,0.27312366309537905,-0.49282496297654543,-3.3970324470397214e-16,-0.02114704989374015,1.0
2.7,2.014759918422047,-3.3,0.27269880358934634,-0.4928483424124034,-4.202876479433057e-16,-0.02108457239170658,1.0
2.72,2.0049041370791576,-3.3,0.27227394408331357,-0.4928717218482614,-5.008720511826392e-16,-0.02102209488967301,1.0
2.74,1.995048355736268,-3.3,0.27184908457728085,-0.49289510128411934,-5.814564544219729e-16,-0.020959617387639445,1.0
2.7600000000000002,1.9851925743933783,-3.3,0.27142422507124814,-0.4929184807199773,-6.620408576613063e-16,-0.020897139885605875,1.0
2.7800000000000002,1.9753367930504888,-3.3,0.27099936556521537,-0.4929418601558353,-7.426252609006399e-16,-0.02083466238357231,1.0
2.8000000000000003,1.9654810117075991,-3.3,0.27057450605918265,-0.49296523959169325,-8.232096641399735e-16,-0.02077218488153874,1.0
2.82,1.95562523036471,-3.3,0.27014964655314994,-0.49298861902755126,-9.037940673793052e-16,-0.020709707379505175,1.0
2.84,1.9457677958878385,-3.3,0.26972920476199896,-0.493011623325204,-8.736785473335109e-16,-0.02064815173107863,1.0
2.86,1.9359077366101503,-3.3,0.269315777297428,-0.4930340319886986,-6.677967238717837e-16,-0.020588059776537222,1.0
2.88,1.9260476773324622,-3.3,0.2689023498328571,-0.4930564406521933,-4.619149004100566e-16,-0.020527967821995816,1.0
2.9,1.916187618054774,-3.3,0.2684889223682862,-0.49307884931568796,-2.5603307694832943e-16,-0.020467875867454407,1.0
2.92,1.9063275587770858,-3.3,0.2680754949037153,-0.4931012579791826,-5.015125348660231e-17,-0.020407783912913,1.0
2.94,1.8964674994993977,-3.3,0.26766206743914434,-0.49312366664267726,1.5573056997512481e-16,-0.02034769195837159,1.0
2.96,1.8866074402217095,-3.3,0.26724863997457343,-0.49314607530617194,3.6161239343685213e-16,-0.020287600003830182,1.0
2.98,1.8767473809440214,-3.3,0.26683521251000253,-0.49316848396966656,5.674942168985793e-16,-0.020227508049288776,1.0
3.0,1.866887321666333,-3.3,0.2664217850454316,-0.49319089263316124,7.733760403603064e-16,-0.020167416094747367,1.0
3.02,1.8570262885408082,-3.3,0.2660109690895725,-0.4932130826470109,9.151143699495504e-16,-0.02010786354362169,1.0
3.04,1.8471621289588211,-3.3,0.2656085371624907,-0.4932345707045901,8.509254146401033e-16,-0.02005004270173353,1.0
3.06,1.837297969376834,-3.3,0.26520610523540894,-0.4932560587621693,7.867364593306562e-16,-0.01999222185984537,1.0
3.08,1.8274338097948468,-3.3,0.2648036733083272,-0.4932775468197485,7.225475040212092e-16,-0.01993440101795721,1.0
3.1,1.8175696502128598,-3.3,0.26440124138124543,-0.4932990348773277,6.583585487117621e-16,-0.019876580176069053,1.0
3.12,1.8077054906308727,-3.3,0.26399880945416365,-0.4933205229349069,5.941695934023151e-16,-0.019818759334180893,1.0
3.14,1.7978413310488854,-3.3,0.2635963775270819,-0.4933420109924861,5.299806380928681e-16,-0.019760938492292733,1.0
3.16,1.7879771714668984,-3.3,0.26319394560000015,-0.49336349905006527,4.65791682783421e-16,-0.019703117650404573,1.0
3.18,1.778113011884911,-3.3,0.26279151367291836,-0.4933849871076445,4.0160272747397396e-16,-0.019645296808516417,1.0
3.2,1.768248504020353,-3.3,0.2623900189171653,-0.49340639779514006,3.366580524436616e-16,-0.019587667573023902,1.0
3.22,1.7583804125851838,-3.3,0.2619981669627186,-0.4934270124015772,2.6393757923342086e-16,-0.019532009825930337,1.0
3.24,1.7485123211500146,-3.3,0.26160631500827186,-0.49344762700801437,1.9121710602318011e-16,-0.019476352078836773,1.0
3.2600000000000002,1.7386442297148454,-3.3,0.2612144630538252,-0.4934682416144515,1.1849663281293941e-16,-0.019420694331743208,1.0
3.2800000000000002,1.7287761382796762,-3.3,0.2608226110993785,-0.49348885622088867,4.5776159602698663e-17,-0.019365036584649643,1.0
3.3000000000000003,1.718908046844507,-3.3,0.2604307591449318,-0.4935094708273258,-2.6944313607542086e-17,-0.019309378837556075,1.0
3.3200000000000003,1.7090399554093376,-3.3,0.2600389071904851,-0.4935300854337629,-9.966478681778279e-17,-0.01925372109046251,1.0
3.34,1.6991718639741686,-3.3,0.2596470552360384,-0.4935507000402001,-1.7238526002802196e-16,-0.019198063343368946,1.0
3.36,1.6893037725389994,-3.3,0.25925520328159174,-0.4935713146466372,-2.4510573323826266e-16,-0.01914240559627538,1.0
3.38,1.6794356811038302,-3.3,0.25886335132714505,-0.4935919292530744,-3.1782620644850336e-16,-0.019086747849181816,1.0
3.4,1.6695640452680043,-3.3,0.2584810689638499,-0.4936117647849005,-2.0145978677829104e-16,-0.019033026817429907,1.0
3.42,1.6596921818024588,-3.3,0.25809940118213315,-0.4936315502827287,-7.294976355897943e-17,-0.0189794301660776,1.0
3.44,1.6498203183369131,-3.3,0.2577177334004164,-0.49365133578055687,5.556025966033214e-17,-0.018925833514725297,1.0
3.46,1.6399484548713676,-3.3,0.25733606561869965,-0.49367112127838503,1.8407028287964375e-16,-0.01887223686337299,1.0
3.48,1.630076591405822,-3.3,0.25695439783698293,-0.4936909067762132,3.125803060989553e-16,-0.018818640212020687,1.0
3.5,1.6202047279402765,-3.3,0.25657273005526615,-0.4937106922740414,4.4109032931826687e-16,-0.018765043560668382,1.0
3.52,1.610332864474731,-3.3,0.2561910622735494,-0.49373047777186957,5.696003525375785e-16,-0.018711446909316073,1.0
3.54,1.6004610010091853,-3.3,0.25580939449183265,-0.49375026326969773,6.981103757568901e-16,-0.01865785025796377,1.0
3.56,1.5905891375436398,-3.3,0.2554277267101159,-0.49377004876752595,8.266203989762017e-16,-0.018604253606611464,1.0
3.58,1.5807144113930915,-3.3,0.2550538136147535,-0.49378921165285355,8.261181999907072e-16,-0.018552210530286543,1.0
3.6,1.570838927606244,-3.3,0.25468195286949835,-0.4938082097579729,7.914717125097369e-16,-0.018500578622089942,1.0
3.62,1.5609634438193962,-3.3,0.25431009212424327,-0.49382720786309225,7.568252250287666e-16,-0.01844894671389334,1.0
3.64,1.5510879600325487,-3.3,0.25393823137898813,-0.4938462059682116,7.221787375477962e-16,-0.01839731480569674,1.0
3.66,1.5412124762457011,-3.3,0.253566370633733,-0.493865204073331,6.875322500668258e-16,-0.01834568289750014,1.0
3.68,1.5313369924588534,-3.3,0.25319450988847786,-0.49388420217845036,6.528857625858555e-16,-0.018294050989303538,1.0
3.7,1.5214615086720058,-3.3,0.2528226491432227,-0.4939032002835697,6.182392751048851e-16,-0.018242419081106936,1.0
3.72,1.511586024885158,-3.3,0.2524507883979676,-0.49392219838868906,5.835927876239147e-16,-0.018190787172910332,1.0
3.74,1.5017105410983105,-3.3,0.25207892765271245,-0.4939411964938084,5.489463001429444e-16,-0.01813915526471373,1.0
3.7600000000000002,1.4918328262561809,-3.3,0.25171313033540316,-0.49395971444840275,5.325420426011163e-16,-0.01808872589062702,1.0
3.7800000000000002,1.4819538662239913,-3.3,0.25135071712079576,-0.4939779644227879,5.263190851713965e-16,-0.018038967671366705,1.0
3.8000000000000003,1.4720749061918017,-3.3,0.25098830390618837,-0.49399621439717306,5.200961277416768e-16,-0.017989209452106386,1.0
3.8200000000000003,1.462195946159612,-3.3,0.250625890691581,-0.49401446437155816,5.13873170311957e-16,-0.017939451232846067,1.0
3.84,1.4523169861274225,-3.3,0.2502634774769736,-0.4940327143459433,5.076502128822375e-16,-0.017889693013585752,1.0
3.86,1.442438026095233,-3.3,0.24990106426236622,-0.49405096432032847,5.014272554525177e-16,-0.017839934794325434,1.0
3.88,1.4325590660630434,-3.3,0.2495386510477588,-0.4940692142947136,4.952042980227979e-16,-0.01779017657506512,1.0
3.9,1.4226801060308538,-3.3,0.2491762378331514,-0.4940874642690988,4.889813405930781e-16,-0.0177404183558048,1.0
3.92,1.4128011459986642,-3.3,0.248813824618544,-0.49410571424348393,4.827583831633583e-16,-0.01769066013654448,1.0
3.94,1.4029205400866067,-3.3,0.24845589886510294,-0.49412361370474683,4.499998764114231e-16,-0.017641782982291052,1.0
3.96,1.393038240700937,-3.3,0.2481025903362966,-0.4941411525171345,3.8993849449579414e-16,-0.017593812370713717,1.0
3.98,1.383155941315267,-3.3,0.24774928180749026,-0.4941586913295221,3.298771125801652e-16,-0.01754584175913638,1.0
4.0,1.3732736419295972,-3.3,0.2473959732786839,-0.49417623014190976,2.6981573066453627e-16,-0.017497871147559043,1.0
4.0200000000000005,1.3633913425439272,-3.3,0.24704266474987757,-0.4941937689542974,2.09754348748906e-16,-0.017449900535981704,1.0
4.04,1.3535090431582577,-3.3,0.24668935622107122,-0.49421130776668504,1.496929668332784e-16,-0.01740192992440437,1.0
4.0600000000000005,1.3436267437725875,-3.3,0.24633604769226486,-0.4942288465790726,8.963158491764815e-17,-0.01735395931282703,1.0
4.08,1.333744444386918,-3.3,0.24598273916345853,-0.49424638539146026,2.95702030020205e-17,-0.017305988701249695,1.0
4.1,1.3238621450012484,-3.3,0.24562943063465217,-0.4942639242038479,-3.04911789136071e-17,-0.01725801808967236,1.0
4.12,1.3139787418108506,-3.3,0.24527914113511023,-0.49428123039193406,-8.105096737859185e-17,-0.01721063431938233,1.0
4.14,1.3040932331990776,-3.3,0.24493461019827942,-0.4942980928673197,-1.134872078587327e-16,-0.017164369903049637,1.0
4.16,1.294207724587304,-3.3,0.2445900792614486,-0.4943149553427053,-1.4592344833887502e-16,-0.017118105486716946,1.0
4.18,1.2843222159755312,-3.3,0.24424554832461778,-0.4943318178180909,-1.7835968881901587e-16,-0.017071841070384255,1.0
4.2,1.2744367073637577,-3.3,0.24390101738778697,-0.4943486802934765,-2.1079592929915816e-16,-0.017025576654051564,1.0
4.22,1.2645511987519846,-3.3,0.24355648645095615,-0.49436554276886213,-2.43232169779299e-16,-0.016979312237718872,1.0
4.24,1.2546656901402113,-3.3,0.24321195551412533,-0.4943824052442477,-2.7566841025944135e-16,-0.016933047821386178,1.0
4.26,1.2447801815284383,-3.3,0.24286742457729452,-0.49439926771963333,-3.081046507395822e-16,-0.016886783405053486,1.0
4.28,1.2348946729166648,-3.3,0.2425228936404637,-0.4944161301950189,-3.4054089121972445e-16,-0.016840518988720795,1.0
4.3,1.2250085625737612,-3.3,0.2421800136320354,-0.4944328671712463,-3.446633088969581e-16,-0.016794572293967167,1.0
4.32,1.2151199684910343,-3.3,0.24184394809008286,-0.49444908612997185,-2.3191597256336635e-16,-0.016749937044970884,1.0
4.34,1.205231374408308,-3.3,0.24150788254813033,-0.49446530508869746,-1.1916863622977964e-16,-0.0167053017959746,1.0
4.36,1.1953427803255814,-3.3,0.24117181700617776,-0.494481524047423,-6.421299896187903e-18,-0.016660666546978318,1.0
4.38,1.185454186242855,-3.3,0.24083575146422523,-0.4944977430061486,1.0632603643739886e-16,-0.016616031297982035,1.0
4.4,1.1755655921601282,-3.3,0.24049968592227267,-0.4945139619648742,2.190733727709906e-16,-0.01657139604898575,1.0
4.42,1.165676998077402,-3.3,0.24016362038032013,-0.49453018092359974,3.318207091045773e-16,-0.016526760799989472,1.0
4.44,1.1557884039946753,-3.3,0.23982755483836757,-0.49454639988232535,4.44568045438169e-16,-0.016482125550993185,1.0
4.46,1.1458998099119488,-3.3,0.23949148929641503,-0.4945626188410509,5.573153817717559e-16,-0.016437490301996906,1.0
4.48,1.1360110790340339,-3.3,0.23915580022051064,-0.494578809563687,6.667133522713793e-16,-0.01639292678771665,1.0
4.5,1.1261195172300864,-3.3,0.2388279019707925,-0.4945944159508516,7.067974306569624e-16,-0.01634984779695942,1.0
4.5200000000000005,1.1162279554261387,-3.3,0.23850000372107438,-0.49461002233801615,7.468815090425474e-16,-0.016306768806202184,1.0
4.54,1.1063363936221915,-3.3,0.23817210547135623,-0.49462562872518073,7.869655874281307e-16,-0.016263689815444952,1.0
4.5600000000000005,1.0964448318182438,-3.3,0.2378442072216381,-0.49464123511234537,8.270496658137157e-16,-0.01622061082468772,1.0
4.58,1.0865532700142964,-3.3,0.23751630897191997,-0.49465684149950995,8.671337441992989e-16,-0.01617753183393049,1.0
4.6000000000000005,1.0766617082103487,-3.3,0.23718841072220181,-0.4946724478866745,9.07217822584884e-16,-0.016134452843173254,1.0
4.62,1.0667701464064014,-3.3,0.2368605124724837,-0.4946880542738391,9.47301900970467e-16,-0.016091373852416022,1.0
4.64,1.0568785846024542,-3.3,0.23653261422276556,-0.4947036606610037,9.873859793560503e-16,-0.01604829486165879,1.0
4.66,1.0469870227985063,-3.3,0.23620471597304743,-0.4947192670481683,1.0274700577416353e-15,-0.016005215870901555,1.0
4.68,1.0370928990116932,-3.3,0.23588388967630824,-0.4947343500443896,9.280914740681153e-16,-0.015963471165753963,1.0
4.7,1.0271984815739683,-3.3,0.23556387395698009,-0.4947493730502691,8.127278741078915e-16,-0.01592187939456651,1.0
4.72,1.0173040641362436,-3.3,0.23524385823765193,-0.4947643960561487,6.973642741476728e-16,-0.015880287623379064,1.0
4.74,1.0074096466985185,-3.3,0.2349238425183238,-0.49477941906202827,5.820006741874491e-16,-0.015838695852191612,1.0
4.76,0.997515229260794,-3.3,0.23460382679899563,-0.49479444206790785,4.666370742272304e-16,-0.015797104081004164,1.0
4.78,0.9876208118230688,-3.3,0.23428381107966748,-0.4948094650737874,3.5127347426700667e-16,-0.015755512309816717,1.0
4.8,0.9777263943853443,-3.3,0.23396379536033934,-0.494824488079667,2.3590987430678803e-16,-0.01571392053862927,1.0
4.82,0.9678319769476191,-3.3,0.23364377964101118,-0.4948395110855465,1.2054627434656426e-16,-0.015672328767441818,1.0
4.84,0.9579375595098945,-3.3,0.23332376392168303,-0.4948545340914261,5.1826743863456234e-18,-0.01563073699625437,1.0
4.86,0.9480410852407668,-3.3,0.23300944261942122,-0.4948691411994852,-2.3014951968284265e-17,-0.01559020908897025,1.0
4.88,0.9381439189155144,-3.3,0.23269703730123284,-0.4948836083716052,-2.188409478822724e-17,-0.015550039136902847,1.0
4.9,0.9282467525902617,-3.3,0.23238463198304443,-0.49489807554372517,-2.075323760817016e-17,-0.015509869184835441,1.0
4.92,0.9183495862650093,-3.3,0.23207222666485602,-0.4949125427158451,-1.9622380428113136e-17,-0.015469699232768037,1.0
4.94,0.9084524199397566,-3.3,0.23175982134666762,-0.49492700988796506,-1.8491523248056058e-17,-0.01542952928070063,1.0
4.96,0.8985552536145043,-3.3,0.23144741602847924,-0.49494147706008507,-1.7360666067999032e-17,-0.015389359328633227,1.0
4.98,0.8886580872892516,-3.3,0.23113501071029083,-0.494955944232205,-1.6229808887941954e-17,-0.015349189376565821,1.0
5.0,0.8787609209639992,-3.3,0.23082260539210242,-0.49497041140432496,-1.5098951707884928e-17,-0.015309019424498417,1.0
5.0200000000000005,0.8688637546387464,-3.3,0.230510200073914,-0.49498487857644496,-1.396809452782785e-17,-0.015268849472431012,1.0
5.04,0.8589650018179571,-3.3,0.2302021998633133,-0.49499902821662767,-3.296127692199476e-17,-0.01522949449297573,1.0
5.0600000000000005,0.8490651883108209,-3.3,0.22989714478389256,-0.4950129655638776,-6.540882682883147e-17,-0.015190684381313801,1.0
5.08,0.8391653748036851,-3.3,0.22959208970447184,-0.4950269029111275,-9.785637673566674e-17,-0.015151874269651876,1.0
5.1000000000000005,0.8292655612965489,-3.3,0.2292870346250511,-0.4950408402583774,-1.3030392664250346e-16,-0.015113064157989948,1.0
5.12,0.8193657477894132,-3.3,0.22898197954563035,-0.4950547776056274,-1.6275147654933873e-16,-0.015074254046328023,1.0
5.14,0.8094659342822774,-3.3,0.22867692446620963,-0.4950687149528773,-1.95199026456174e-16,-0.015035443934666097,1.0
5.16,0.7995661207751412,-3.3,0.22837186938678888,-0.4950826523001272,-2.276465763630107e-16,-0.01499663382300417,1.0
5.18,0.7896663072680055,-3.3,0.22806681430736817,-0.4950965896473771,-2.6009412626984596e-16,-0.014957823711342244,1.0
5.2,0.7797664937608692,-3.3,0.22776175922794742,-0.49511052699462704,-2.925416761766827e-16,-0.014919013599680318,1.0
5.22,0.7698655316573045,-3.3,0.22745990254452425,-0.49512423678645684,-2.6600807212000616e-16,-0.014880789459129283,1.0
5.24,0.7599631679148604,-3.3,0.22716194888227315,-0.4951376688910887,-1.6749942405777895e-16,-0.014843280382520852,1.0
5.26,0.7500608041724168,-3.3,0.22686399522002204,-0.49515110099572046,-6.899077599555609e-17,-0.014805771305912423,1.0
5.28,0.7401584404299728,-3.3,0.22656604155777094,-0.4951645331003523,2.9517872066671135e-17,-0.014768262229303991,1.0
5.3,0.7302560766875292,-3.3,0.22626808789551983,-0.4951779652049841,1.2802652012889397e-16,-0.01473075315269556,1.0
5.32,0.7203537129450852,-3.3,0.22597013423326873,-0.4951913973096159,2.2653516819112115e-16,-0.014693244076087129,1.0
5.34,0.7104513492026416,-3.3,0.22567218057101762,-0.49520482941424776,3.2504381625334404e-16,-0.0146557349994787,1.0
5.36,0.7005489854601976,-3.3,0.2253742269087665,-0.49521826151887954,4.2355246431557126e-16,-0.014618225922870267,1.0
5.38,0.690646621717754,-3.3,0.2250762732465154,-0.4952316936235114,5.220611123777941e-16,-0.014580716846261837,1.0
5.4,0.6807435170461805,-3.3,0.22478038862468944,-0.4952449800910439,5.713584399966319e-16,-0.0145435841729956,1.0
5.42,0.6708386955169805,-3.3,0.22448929831812678,-0.4952579290928801,5.066248468746684e-16,-0.014507323689690819,1.0
5.44,0.6609338739877801,-3.3,0.22419820801156412,-0.49527087809471626,4.4189125375270213e-16,-0.014471063206386036,1.0
5.46,0.6510290524585801,-3.3,0.22390711770500146,-0.49528382709655244,3.771576606307387e-16,-0.014434802723081255,1.0
5.48,0.6411242309293796,-3.3,0.2236160273984388,-0.4952967760983886,3.1242406750877234e-16,-0.014398542239776472,1.0
5.5,0.6312194094001797,-3.3,0.22332493709187615,-0.4953097251002248,2.476904743868089e-16,-0.014362281756471688,1.0
5.5200000000000005,0.6213145878709793,-3.3,0.2230338467853135,-0.495322674102061,1.829568812648426e-16,-0.014326021273166905,1.0
5.54,0.6114097663417792,-3.3,0.22274275647875083,-0.49533562310389717,1.1822328814287921e-16,-0.014289760789862124,1.0
5.5600000000000005,0.6015049448125789,-3.3,0.22245166617218817,-0.49534857210573335,5.3489695020912863e-17,-0.01425350030655734,1.0
5.58,0.591599761867535,-3.3,0.2221615879214841,-0.49536146315585455,9.628317700698494e-18,-0.01421738426844563,1.0
5.6000000000000005,0.5816925709490175,-3.3,0.22187713250484298,-0.4953740322347388,8.172991315905499e-17,-0.014182070746662378,1.0
5.62,0.5717853800305003,-3.3,0.22159267708820188,-0.49538660131362305,1.5383150861740829e-16,-0.014146757224879129,1.0
5.64,0.5618781891119832,-3.3,0.22130822167156075,-0.4953991703925073,2.259331040757616e-16,-0.01411144370309588,1.0
5.66,0.5519709981934656,-3.3,0.22102376625491965,-0.4954117394713915,2.9803469953411805e-16,-0.014076130181312627,1.0
5.68,0.5420638072749485,-3.3,0.22073931083827852,-0.49542430855027575,3.7013629499247137e-16,-0.014040816659529378,1.0
5.7,0.532156616356431,-3.3,0.22045485542163742,-0.49543687762916,4.4223789045082784e-16,-0.014005503137746126,1.0
5.72,0.5222494254379138,-3.3,0.2201704000049963,-0.49544944670804425,5.143394859091811e-16,-0.013970189615962877,1.0
5.74,0.5123422345193962,-3.3,0.2198859445883552,-0.49546201578692844,5.864410813675376e-16,-0.013934876094179626,1.0
5.76,0.5024350353007451,-3.3,0.21960151249139945,-0.4954745611588264,6.579697605464577e-16,-0.013899634580769739,1.0
5.78,0.49252554451065345,-3.3,0.21932351869105296,-0.4954805613047733,5.713228519042357e-16,-0.013884273750094153,1.0
5.8,0.4826160537205623,-3.3,0.2190455248907065,-0.4954865614507203,4.846759432620175e-16,-0.013868912919418566,1.0
5.82,0.47270656293047075,-3.3,0.21876753109036,-0.4954925615966672,3.980290346197955e-16,-0.01385355208874298,1.0
5.84,0.4627970721403796,-3.3,0.21848953729001355,-0.4954985617426142,3.1138212597757725e-16,-0.013838191258067394,1.0
5.86,0.452887581350288,-3.3,0.2182115434896671,-0.4955045618885611,2.247352173353552e-16,-0.013822830427391807,1.0
5.88,0.4429780905601969,-3.3,0.21793354968932063,-0.4955105620345081,1.3808830869313698e-16,-0.013807469596716221,1.0
5.9,0.4330685997701053,-3.3,0.21765555588897414,-0.49551656218045503,5.1441400050915004e-17,-0.013792108766040635,1.0
5.92,0.4231591089800142,-3.3,0.21737756208862768,-0.495522562326402,-3.520550859130323e-17,-0.013776747935365048,1.0
5.94,0.41324961818992256,-3.3,0.21709956828828122,-0.49552856247234894,-1.218524172335253e-16,-0.013761387104689462,1.0
5.96,0.4033391890457565,-3.3,0.21682397674584422,-0.495940166260686,-1.4018655454036923e-16,-0.012495139855459013,1.0
5.98,0.39342860035778154,-3.3,0.21654879364770982,-0.4964207328761218,-1.4690580148162997e-16,-0.011016210433813269,1.0
6.0,0.38351801166980704,-3.3,0.21627361054957545,-0.49690129949155765,-1.5362504842289042e-16,-0.009537281012167591,1.0
6.0200000000000005,0.373607422981832,-3.3,0.21599842745144104,-0.4973818661069935,-1.6034429536415116e-16,-0.008058351590521848,1.0
6.04,0.3636968342938575,-3.3,0.21572324435330667,-0.4978624327224293,-1.670635423054116e-16,-0.0065794221688761706,1.0
6.0600000000000005,0.35378624560588257,-3.3,0.2154480612551723,-0.4983429993378652,-1.7378278924667235e-16,-0.005100492747230427,1.0
6.08,0.343875656917908,-3.3,0.2151728781570379,-0.498823565953301,-1.8050203618793277e-16,-0.0036215633255847497,1.0
6.1000000000000005,0.33396506822993305,-3.3,0.21489769505890352,-0.49930413256873685,-1.8722128312919351e-16,-0.0021426339039390067,1.0
6.12,0.32405447954195854,-3.3,0.21462251196076915,-0.4997846991841727,-1.9394053007045396e-16,-0.0006637044822933296,1.0
6.140000000000001,0.3140818313499209,-3.3,0.21453831513488708,-0.4738666621873346,-2.0784979206512724e-16,0.0006601092365304329,1.0
6.16,0.3040833092892281,-3.3,0.21453374436786463,-0.4369425107705809,-2.2475671747870847e-16,0.0019192520659897158,1.0
6.18,0.2940847872285353,-3.3,0.2145291736008422,-0.40001835935382724,-2.4166364289228973e-16,0.003178394895448999,1.0
6.2,0.2840862651678421,-3.3,0.21452460283381974,-0.3630942079370719,-2.585705683058718e-16,0.004437537724908338,1.0
6.22,0.27408774310714923,-3.3,0.2145200320667973,-0.3261700565203183,-2.75477493719453e-16,0.005696680554367621,1.0
6.24,0.264089221046456,-3.3,0.21451546129977486,-0.28924590510356296,-2.9238441913303503e-16,0.0069558233838269605,1.0
6.26,0.2540906989857632,-3.3,0.2145108905327524,-0.2523217536868093,-3.092913445466163e-16,0.008214966213286242,1.0
6.28,0.24409217692506996,-3.3,0.21450631976572995,-0.21539760227005394,-3.261982699601983e-16,0.009474109042745581,1.0
6.3,0.23409365486437714,-3.3,0.21450174899870753,-0.1784734508533003,-3.431051953737795e-16,0.010733251872204865,1.0
6.32,0.22785725495058295,-3.3,0.21462546957875903,-0.14156631723510602,-0.0008579175637048134,0.011929945314522761,1.0
6.34,0.22461505982677596,-3.3,0.21485129491536112,-0.10467272777416736,-0.002398636157879541,0.013076936422145071,1.0
6.36,0.22137286470296885,-3.3,0.2150771202519632,-0.06777913831322709,-0.003939354752054337,0.014223927529767432,1.0
6.38,0.21813066957916188,-3.3,0.2153029455885653,-0.030885548852288447,-0.005480073346229065,0.015370918637389742,1.0
6.4,0.21488847445535475,-3.3,0.21552877092516742,0.006008040608651843,-0.007020791940403861,0.016517909745012105,1.0
6.42,0.21164627933154778,-3.3,0.21575459626176952,0.04290163006959047,-0.00856151053457859,0.017664900852634415,1.0
6.44,0.20840408420774065,-3.3,0.2159804215983716,0.07979521953053076,-0.010102229128753385,0.018811891960256774,1.0
6.46,0.20516188908393368,-3.3,0.2162062469349737,0.11668880899146938,-0.011642947722928112,0.019958883067879088,1.0
6.48,0.20191969396012657,-3.3,0.2164320722715758,0.15358239845240967,-0.013183666317102908,0.02110587417550145,1.0
6.5,0.20143114389112282,-3.3001149953745266,0.21674350614986646,0.19048269270627283,-0.01463079566991889,0.02166508805828517,1.0
6.5200000000000005,0.2049396835224619,-3.3003969137975795,0.21717920623292736,0.22739271939050093,-0.015942074328381493,0.02137110617881907,1.0
6.54,0.20844822315380077,-3.3006788322206324,0.21761490631598823,0.2643027460747274,-0.017253352986844037,0.02107712429935298,1.0
6.5600000000000005,0.2119567627851398,-3.3009607506436858,0.21805060639904913,0.3012127727589555,-0.01856463164530664,0.020783142419886876,1.0
6.58,0.2154653024164787,-3.3012426690667387,0.21848630648211004,0.338122799443182,-0.019875910303769184,0.020489160540420787,1.0
6.6000000000000005,0.21897384204781775,-3.3015245874897916,0.21892200656517094,0.3750328261274102,-0.021187188962231786,0.020195178660954684,1.0
6.62,0.22248238167915663,-3.301806505912845,0.21935770664823181,0.4119428528116367,-0.02249846762069433,0.019901196781488596,1.0
6.640000000000001,0.22599092131049567,-3.302088424335898,0.21979340673129272,0.4488528794958647,-0.023809746279156933,0.019607214902022493,1.0
6.66,0.23387847760882555,-3.3025259132533753,0.22019422871575484,0.4609784560250584,-0.02510066542464278,0.018560126008189654,1.0
6.68,0.24301985195958328,-3.3030079457543025,0.22058506425965665,0.4660076469071905,-0.026385755150683563,0.01729740441829039,1.0
6.7,0.25216122631034144,-3.3034899782552296,0.22097589980355847,0.47103683778932276,-0.0276708448767244,0.016034682828391073,1.0
6.72,0.2613026006610991,-3.3039720107561563,0.2213667353474603,0.4760660286714548,-0.028955934602765188,0.014771961238491813,1.0
6.74,0.27044397501185724,-3.3044540432570835,0.22175757089136214,0.4810952195535871,-0.030241024328806026,0.013509239648592495,1.0
6.76,0.279585349362615,-3.3049360757580106,0.22214840643526396,0.48612441043571913,-0.03152611405484681,0.012246518058693232,1.0
6.78,0.2887267237133731,-3.305418108258938,0.22253924197916577,0.49115360131785146,-0.03281120378088764,0.010983796468793914,1.0
6.8,0.297980856005806,-3.3059289533612897,0.22290176643074225,0.49544253898274765,-0.03315299535402263,0.009989138426482701,1.0
6.82,0.30788973457035995,-3.3066071032502737,0.2230998981851455,0.4954330828741315,-0.028017381611505646,0.010551032462608443,1.0
6.84,0.3177986131349134,-3.3072852531392574,0.22329802993954873,0.4954236267655154,-0.022881767868988885,0.01111292649873416,1.0
6.86,0.3277074916994674,-3.307963403028241,0.22349616169395198,0.49541417065689924,-0.0177461541264719,0.011674820534859902,1.0
6.88,0.33761637026402086,-3.308641552917225,0.2236942934483552,0.49540471454828316,-0.012610540383955142,0.012236714570985619,1.0
6.9,0.34752524882857483,-3.3093197028062087,0.22389242520275845,0.49539525843966703,-0.007474926641438152,0.01279860860711136,1.0
6.92,0.3574341273931283,-3.3099978526951923,0.22409055695716168,0.4953858023310509,-0.0023393128989213988,0.013360502643237078,1.0
6.94,0.3673430059576822,-3.3106760025841764,0.22428868871156493,0.49537634622243476,0.0027963008435955908,0.01392239667936282,1.0
6.96,0.37725113927720616,-3.3109494098067156,0.2245311038762562,0.49537218037756486,0.0050868983726912,0.014191470335302573,1.0
6.98,0.387158574746165,-3.3108438143020194,0.22481498621172516,0.49537296835781364,0.004713410809425576,0.014186345761399943,1.0
7.0,0.3970660102151234,-3.310738218797323,0.2250988685471941,0.49537375633806235,0.00433992324615997,0.014181221187497312,1.0
7.0200000000000005,0.4069734456840822,-3.310632623292627,0.22538275088266305,0.4953745443183111,0.003966435682894346,0.01417609661359468,1.0
7.04,0.4168808811530406,-3.31052702778793,0.225666633218132,0.49537533229855985,0.0035929481196287395,0.014170972039692049,1.0
7.0600000000000005,0.42678831662199945,-3.310421432283234,0.22595051555360096,0.49537612027880856,0.0032194605563631165,0.014165847465789418,1.0
7.08,0.43669575209095784,-3.3103158367785377,0.2262343978890699,0.49537690825905734,0.0028459729930975096,0.014160722891886787,1.0
7.1000000000000005,0.4466031875599167,-3.3102102412738414,0.22651828022453885,0.49537769623930605,0.002472485429831886,0.014155598317984155,1.0
7.12,0.4565107295647773,-3.310155141748703,0.22680146971129078,0.49536605102266235,0.00246112797497552,0.014188275692645537,1.0
7.140000000000001,0.46641828528730683,-3.3101065441359787,0.22708456998615467,0.49535280489525446,0.002496398752068186,0.014225820483699084,1.0
7.16,0.47632584100983594,-3.3100579465232545,0.22736767026101856,0.4953395587678466,0.0025316695291608504,0.01426336527475263,1.0
7.18,0.486233396732365,-3.3100093489105302,0.22765077053588248,0.4953263126404387,0.002566940306253515,0.014300910065806176,1.0
7.2,0.49614095245489453,-3.3099607512978055,0.22793387081074637,0.4953130665130308,0.0026022110833461808,0.014338454856859724,1.0
7.22,0.5060485081774236,-3.3099121536850813,0.2282169710856103,0.495299820385623,0.0026374818604388453,0.014375999647913272,1.0
7.24,0.5159560638999532,-3.309863556072357,0.22850007136047418,0.4952865742582151,0.002672752637531511,0.01441354443896682,1.0
7.26,0.5258631032668984,-3.3098135835473936,0.22878463519233885,0.4952734672108562,0.0027004606531556645,0.014450567884196195,1.0
7.28,0.5357686374995223,-3.3097596032656322,0.229073465173236,0.49526076557047216,0.002706123837246333,0.014486071648960654,1.0
7.3,0.5456741717321457,-3.309705622983871,0.22936229515413314,0.4952480639300882,0.0027117870213370014,0.014521575413725113,1.0
7.32,0.5555797059647695,-3.3096516427021094,0.2296511251350303,0.49523536228970416,0.00271745020542767,0.014557079178489573,1.0
7.34,0.5654852401973929,-3.309597662420348,0.22993995511592744,0.4952226606493202,0.0027231133895183383,0.01459258294325403,1.0
7.36,0.5753907744300167,-3.3095436821385866,0.2302287850968246,0.49520995900893616,0.0027287765736090067,0.01462808670801849,1.0
7.38,0.5852963086626402,-3.3094897018568257,0.23051761507772173,0.49519725736855214,0.002734439757699675,0.014663590472782947,1.0
7.4,0.5952018428952639,-3.3094357215750643,0.2308064450586189,0.49518455572816816,0.0027401029417903435,0.014699094237547406,1.0
7.42,0.6051061657483501,-3.3093812011846935,0.23109866110090913,0.49517157207455775,0.002747229418039687,0.014735355817655194,1.0
7.44,0.6150097615851672,-3.3093263566450912,0.23139290930706377,0.4951584191691172,0.0027552340973405224,0.014772072204920278,1.0
7.46,0.624913357421984,-3.309271512105489,0.2316871575132184,0.4951452662636766,0.002763238776641358,0.01480878859218536,1.0
7.48,0.634816953258801,-3.309216667565887,0.23198140571937304,0.49513211335823604,0.0027712434559421933,0.014845504979450443,1.0
7.5,0.6447205490956178,-3.309161823026285,0.23227565392552768,0.4951189604527954,0.0027792481352430284,0.014882221366715525,1.0
7.5200000000000005,0.654624144932435,-3.3091069784866827,0.23256990213168233,0.49510580754735484,0.002787252814543864,0.014918937753980609,1.0
7.54,0.6645277407692517,-3.3090521339470804,0.23286415033783694,0.49509265464191426,0.0027952574938446993,0.014955654141245691,1.0
7.5600000000000005,0.6744313366060689,-3.308997289407478,0.2331583985439916,0.49507950173647364,0.0028032621731455347,0.014992370528510775,1.0
7.58,0.684332936329442,-3.308941230060392,0.23345821890867446,0.4950659557021134,0.0028112838131947146,0.01503009877536012,1.0
7.6000000000000005,0.6942345249029467,-3.3088851639276475,0.23375807039826016,0.4950524074718179,0.0028193055479830594,0.015067832674243779,1.0
7.62,0.7041361134764509,-3.308829097794903,0.2340579218878458,0.49503885924152236,0.0028273272827714037,0.015105566573127437,1.0
7.640000000000001,0.7140377020499555,-3.308773031662158,0.23435777337743147,0.4950253110112268,0.002835349017559748,0.015143300472011095,1.0
7.66,0.7239392906234599,-3.3087169655294137,0.23465762486701713,0.49501176278093134,0.0028433707523480923,0.015181034370894752,1.0
7.68,0.7338408791969641,-3.3086608993966693,0.2349574763566028,0.4949982145506358,0.0028513924871364366,0.015218768269778409,1.0
7.7,0.7437424677704687,-3.3086048332639244,0.23525732784618847,0.49498466632034027,0.0028594142219247813,0.015256502168662069,1.0
7.72,0.7536433038405856,-3.308548321583498,0.235559275173098,0.49497096659596557,0.0028675055443271335,0.015294626318196598,1.0
7.74,0.7635428248202994,-3.3084910312547753,0.23586488522844004,0.4949570021174207,0.002875718479475606,0.015333432477798649,1.0
7.76,0.7734423458000127,-3.3084337409260525,0.2361704952837821,0.4949430376388759,0.0028839314146240787,0.015372238637400696,1.0
7.78,0.7833418667797265,-3.3083764505973297,0.23647610533912414,0.49492907316033113,0.0028921443497725518,0.015411044797002747,1.0
7.8,0.7932413877594398,-3.308319160268607,0.23678171539446619,0.4949151086817863,0.002900357284921024,0.015449850956604795,1.0
7.82,0.8031409087391534,-3.3082618699398836,0.23708732544980823,0.4949011442032415,0.002908570220069497,0.015488657116206846,1.0
7.84,0.8130404297188668,-3.3082045796111608,0.23739293550515028,0.49488717972469665,0.0029167831552179696,0.015527463275808895,1.0
7.86,0.8229399506985805,-3.308147289282438,0.23769854556049233,0.49487321524615185,0.002924996090366442,0.015566269435410944,1.0
7.88,0.8328379085946842,-3.3080890796566376,0.23800849929911838,0.4948589335677293,0.002933343678690054,0.015605890421067076,1.0
7.9,0.8427352984570119,-3.3080305359528723,0.2383200315577957,0.4948445366170058,0.0029417402007694267,0.015645807519303376,1.0
7.92,0.8526326883193391,-3.3079719922491075,0.238631563816473,0.4948301396662822,0.002950136722848799,0.015685724617539674,1.0
7.94,0.8625300781816668,-3.3079134485453423,0.2389430960751503,0.4948157427155586,0.0029585332449281717,0.015725641715775972,1.0
7.96,0.8724274680439941,-3.307854904841577,0.2392546283338276,0.49480134576483503,0.002966929767007544,0.01576555881401227,1.0
7.98,0.8823248579063218,-3.3077963611378123,0.2395661605925049,0.49478694881411145,0.0029753262890869167,0.015805475912248568,1.0
8.0,0.892222247768649,-3.307737817434047,0.2398776928511822,0.49477255186338787,0.002983722811166289,0.015845393010484866,1.0
8.02,0.9021194114084922,-3.307679141793866,0.24018985233608914,0.49475810859118674,0.0029921388100336253,0.015885428792527998,1.0
8.040000000000001,0.9120146041539073,-3.3076193166978793,0.24050747633831265,0.49474326175723327,0.003000724494478628,0.01592649857105759,1.0
8.06,0.9219097968993215,-3.3075594916018924,0.24082510034053617,0.49472841492327985,0.0030093101789236297,0.01596756834958718,1.0
8.08,0.9318049896447357,-3.307499666505906,0.24114272434275966,0.49471356808932637,0.0030178958633686314,0.01600863812811677,1.0
8.1,0.9417001823901499,-3.307439841409919,0.24146034834498317,0.49469872125537295,0.003026481547813633,0.016049707906646362,1.0
8.120000000000001,0.951595375135565,-3.3073800163139326,0.24177797234720672,0.49468387442141953,0.0030350672322586357,0.016090777685175955,1.0
8.14,0.9614905678809792,-3.3073201912179457,0.2420955963494302,0.49466902758746606,0.0030436529167036375,0.016131847463705544,1.0
8.16,0.9713857606263934,-3.3072603661219593,0.24241322035165372,0.49465418075351264,0.003052238601148639,0.016172917242235133,1.0
8.18,0.9812798828632187,-3.3071999219681336,0.24273380562836838,0.4946391127477429,0.0030609159273071464,0.01621455221377566,1.0
8.2,0.9911728098350944,-3.3071387866118798,0.24305769728453858,0.4946237977949403,0.003069695575043646,0.01625681824554561,1.0
8.22,1.0010657368069709,-3.307077651255626,0.24338158894070883,0.4946084828421377,0.003078475222780146,0.016299084277315565,1.0
8.24,1.0109586637788466,-3.3070165158993716,0.24370548059687902,0.49459316788933505,0.0030872548705166455,0.01634135030908551,1.0
8.26,1.0208515907507223,-3.3069553805431178,0.24402937225304921,0.49457785293653245,0.0030960345182531445,0.016383616340855462,1.0
8.28,1.030744517722598,-3.306894245186864,0.24435326390921944,0.49456253798372984,0.003104814165989644,0.01642588237262541,1.0
8.3,1.0406374446944746,-3.3068331098306096,0.24467715556538966,0.4945472230309272,0.003113593813726144,0.016468148404395363,1.0
8.32,1.0505303716663503,-3.306771974474356,0.24500104722155985,0.4945319080781246,0.0031223734614626436,0.01651041443616531,1.0
8.34,1.0604213307622945,-3.3067097109881174,0.24533036979924291,0.494516182870183,0.0031313205872419247,0.016553726070410623,1.0
8.36,1.0703119205210705,-3.3066472357708814,0.24566071166942252,0.4945003806642617,0.003140299145829053,0.016597233946629784,1.0
8.38,1.0802025102798476,-3.3065847605536454,0.24599105353960216,0.4944845784583404,0.003149277704416182,0.016640741822848953,1.0
8.4,1.0900931000386236,-3.3065222853364094,0.24632139540978173,0.4944687762524191,0.0031582562630033096,0.016684249699068114,1.0
8.42,1.0999836897973998,-3.306459810119174,0.24665173727996134,0.4944529740464978,0.0031672348215904377,0.016727757575287275,1.0
8.44,1.1098742795561758,-3.3063973349019378,0.24698207915014095,0.49443717184057645,0.003176213380177566,0.016771265451506437,1.0
8.46,1.119764869314953,-3.3063348596847018,0.24731242102032058,0.49442136963465516,0.0031851919387646944,0.016814773327725605,1.0
8.48,1.1296549490708754,-3.3062720946920687,0.24764416707046916,0.4944054601366356,0.003194213629144147,0.016858553921458207,1.0
8.5,1.1395431272569123,-3.30620824925809,0.2479811486723897,0.49438915059492683,0.003203396138461858,0.016903351355405234,1.0
8.52,1.149431305442949,-3.3061444038241112,0.2483181302743103,0.49437284105321805,0.0032125786477795694,0.016948148789352257,1.0
8.540000000000001,1.1593194836289868,-3.3060805583901325,0.2486551118762309,0.4943565315115093,0.003221761157097281,0.016992946223299287,1.0
8.56,1.1692076618150236,-3.3060167129561537,0.2489920934781515,0.49434022196980054,0.003230943666414992,0.017037743657246314,1.0
8.58,1.1790958400010605,-3.305952867522175,0.24932907508007207,0.49432391242809176,0.003240126175732703,0.01708254109119334,1.0
8.6,1.1889840181870972,-3.3058890220881962,0.24966605668199265,0.49430760288638304,0.003249308685050414,0.017127338525140368,1.0
8.620000000000001,1.198872196373135,-3.3058251766542175,0.25000303828391324,0.49429129334467425,0.003258491194368126,0.017172135959087398,1.0
8.64,1.2087589284830078,-3.3057605170583155,0.2503439918246288,0.4942746767970696,0.003267795177998772,0.017217711629703324,1.0
8.66,1.2186446176718522,-3.3056952702826976,0.25068780995753964,0.494257838834499,0.0032771867698194535,0.0172638485704704,1.0
8.68,1.2285303068606963,-3.3056300235070797,0.2510316280904505,0.49424100087192835,0.003286578361640135,0.017309985511237472,1.0
8.700000000000001,1.2384159960495416,-3.3055647767314618,0.25137544622336133,0.4942241629093577,0.0032959699534608174,0.01735612245200455,1.0
8.72,1.2483016852383857,-3.305499529955844,0.2517192643562721,0.4942073249467871,0.003305361545281499,0.017402259392771624,1.0
8.74,1.25818737442723,-3.305434283180226,0.25206308248918297,0.49419048698421647,0.0033147531371021804,0.017448396333538698,1.0
8.76,1.2680730636160744,-3.305369036404608,0.2524069006220938,0.49417364902164584,0.003324144728922862,0.017494533274305772,1.0
8.78,1.2779587528049186,-3.30530378962899,0.2527507187550046,0.4941568110590752,0.0033335363207435435,0.017540670215072846,1.0
8.8,1.287841999568195,-3.3052371805588607,0.25310122926790635,0.494139449779036,0.0033431316098025275,0.017588130089159392,1.0
8.82,1.2977251191176027,-3.305170500533548,0.25345208835378163,0.4941220612419782,0.0033527375084431783,0.01763565886829939,1.0
8.84,1.3076082386670103,-3.3051038205082355,0.2538029474396569,0.49410467270492037,0.0033623434070838296,0.017683187647439386,1.0
8.86,1.317491358216418,-3.3050371404829226,0.2541538065255322,0.4940872841678626,0.003371949305724481,0.017730716426579387,1.0
8.88,1.3273744777658267,-3.3049704604576102,0.2545046656114075,0.4940698956308047,0.003381555204365133,0.017778245205719388,1.0
8.9,1.3372575973152343,-3.3049037804322974,0.2548555246972828,0.49405250709374693,0.0033911611030057838,0.017825773984859388,1.0
8.92,1.347140716864642,-3.304837100406985,0.2552063837831581,0.4940351185566891,0.003400767001646435,0.017873302763999385,1.0
8.94,1.3570229872432913,-3.3047699512767554,0.2555595639412026,0.49401754642179446,0.0034104431509150565,0.01792129437124638,1.0
8.96,1.3669034531301572,-3.30470180529641,0.2559176763883286,0.4939995841406485,0.003420268583092625,0.017970269490358702,1.0
8.98,1.3767839190170224,-3.304633659316065,0.2562757888354545,0.49398162185950256,0.003430094015270193,0.018019244609471016,1.0
9.0,1.3866643849038873,-3.3045655133357195,0.25663390128258046,0.49396365957835664,0.0034399194474477608,0.018068219728583333,1.0
9.02,1.3965448507907525,-3.304497367355374,0.25699201372970637,0.49394569729721066,0.0034497448796253286,0.01811719484769565,1.0
9.040000000000001,1.4064253166776184,-3.3044292213750284,0.25735012617683234,0.49392773501606474,0.0034595703118028972,0.018166169966807966,1.0
9.06,1.4163057825644834,-3.304361075394683,0.25770823862395825,0.49390977273491876,0.003469395743980465,0.018215145085920283,1.0
9.08,1.4261862484513486,-3.3042929294143377,0.2580663510710842,0.49389181045377284,0.0034792211761580333,0.0182641202050326,1.0
9.1,1.4360648242507104,-3.3042237495493527,0.2584296169427586,0.4938734347611373,0.0034892023847543545,0.01831413501050764,1.0
9.120000000000001,1.4459425489160176,-3.304154104110988,0.2587952034769039,0.49385487290325975,0.0034992537417511123,0.01836461800196284,1.0
9.14,1.455820273581324,-3.3040844586726235,0.25916079001104914,0.49383631104538217,0.003509305098747869,0.018415100993418032,1.0
9.16,1.4656979982466305,-3.3040148132342586,0.2595263765451944,0.49381774918750454,0.003519356455744626,0.018465583984873225,1.0
9.18,1.4755757229119368,-3.303945167795894,0.25989196307933965,0.49379918732962697,0.003529407812741383,0.018516066976328422,1.0
9.200000000000001,1.485453447577244,-3.3038755223575293,0.2602575496134849,0.49378062547174933,0.0035394591697381407,0.018566549967783622,1.0
9.22,1.4953311722425504,-3.303805876919165,0.26062313614763016,0.49376206361387176,0.003549510526734897,0.018617032959238815,1.0
9.24,1.505208729744372,-3.303736140960774,0.26098917731906635,0.49374346598046776,0.003559574711371609,0.01866760513591034,1.0
9.26,1.515083621686787,-3.3036649615860307,0.26136246805644725,0.49372429787683797,0.00356984344328947,0.01871959944428986,1.0
9.28,1.524958513629202,-3.3035937822112875,0.26173575879382815,0.49370512977320813,0.0035801121752073307,0.018771593752669378,1.0
9.3,1.534833405571618,-3.3035226028365443,0.2621090495312091,0.49368596166957834,0.003590380907125193,0.018823588061048904,1.0
9.32,1.544708297514033,-3.303451423461801,0.26248234026859,0.4936667935659485,0.0036006496390430538,0.018875582369428424,1.0
9.34,1.554583189456448,-3.303380244087058,0.2628556310059709,0.4936476254623187,0.0036109183709609146,0.018927576677807943,1.0
9.36,1.5644580813988629,-3.3033090647123147,0.26322892174335183,0.49362845735868893,0.0036211871028787755,0.018979570986187466,1.0
9.38,1.5743329733412788,-3.3032378853375715,0.2636022124807328,0.4936092892550591,0.0036314558347966376,0.01903156529456699,1.0
9.4,1.5842066117659523,-3.303166034428602,0.2639789034390883,0.49358973667112654,0.0036419026368304506,0.019084570587464555,1.0
9.42,1.594078578466385,-3.3030932879439194,0.2643601290215984,0.4935696713341462,0.0036525869178560774,0.019138924155915265,1.0
9.44,1.6039505451668175,-3.303020541459237,0.26474135460410847,0.4935496059971659,0.0036632711988817037,0.019193277724365975,1.0
9.46,1.6138225118672507,-3.3029477949745547,0.26512258018661855,0.49352954066018556,0.0036739554799073313,0.019247631292816692,1.0
9.48,1.6236944785676832,-3.302875048489872,0.2655038057691286,0.4935094753232052,0.003684639760932958,0.019301984861267402,1.0
9.5,1.6335664452681158,-3.3028023020051895,0.26588503135163866,0.4934894099862249,0.003695324041958585,0.019356338429718116,1.0
9.52,1.6434384119685483,-3.302729555520507,0.26626625693414874,0.4934693446492446,0.003706008322984211,0.019410691998168826,1.0
9.540000000000001,1.6533103786689818,-3.302656809035825,0.2666474825166588,0.49344927931226423,0.003716692604009839,0.019465045566619543,1.0
9.56,1.6631799016863906,-3.302582761352155,0.26703532761882215,0.4934313963483012,0.0037255940304124994,0.019512667462058982,1.0
9.58,1.6730488062181674,-3.302508384340634,0.2674248480928562,0.493414065733535,0.003734044224000484,0.019558585600096545,1.0
9.6,1.682917710749944,-3.302434007329113,0.2678143685668903,0.4933967351187689,0.003742494417588469,0.019604503738134108,1.0
9.620000000000001,1.6927866152817217,-3.3023596303175924,0.26820388904092435,0.49337940450400275,0.003750944611176455,0.019650421876171675,1.0
9.64,1.7026555198134983,-3.3022852533060716,0.2685934095149584,0.49336207388923664,0.0037593948047644397,0.019696340014209238,1.0
9.66,1.7125244243452749,-3.3022108762945512,0.2689829299889925,0.4933447432744705,0.0037678449983524244,0.0197422581522468,1.0
9.68,1.7223933288770517,-3.3021364992830304,0.26937245046302655,0.49332741265970437,0.0037762951919404096,0.019788176290284364,1.0
9.700000000000001,1.7322617903224544,-3.3020619062280687,0.269763144911648,0.4933020241914009,0.003790505744202178,0.01985789142034445,1.0
9.72,1.7421280500312024,-3.301986239633524,0.27015967294718835,0.49323659551311605,0.003833340044686603,0.020045855976644125,1.0
9.74,1.7519943097399504,-3.3019105730389793,0.2705562009827287,0.4931711668348312,0.0038761743451710276,0.0202338205329438,1.0
9.76,1.7618605694486984,-3.3018349064444346,0.27095272901826906,0.4931057381565463,0.003919008645655453,0.020421785089243475,1.0
9.78,1.7717268291574464,-3.30175923984989,0.2713492570538094,0.49304030947826144,0.0039618429461398775,0.020609749645543154,1.0
9.8,1.7815930888661953,-3.301683573255345,0.2717457850893498,0.49297488079997653,0.004004677246624306,0.020797714201842846,1.0
9.82,1.7914593485749433,-3.3016079066608,0.2721423131248902,0.4929094521216917,0.004047511547108731,0.02098567875814252,1.0
9.84,1.8013256082836913,-3.3015322400662552,0.27253884116043053,0.4928440234434068,0.004090345847593156,0.021173643314442197,1.0
9.86,1.8111865056571104,-3.3014530629028163,0.272950774198903,0.49313177762704413,0.0038803704734091016,0.020318293862203404,1.0
9.88,1.8210427803031595,-3.301370859370842,0.2733759874827041,0.4937240014088269,0.003452454569396815,0.018563531014902632,1.0
9.9,1.8308990549492077,-3.301288655838868,0.2738012007665051,0.49431622519060964,0.003024538665384567,0.016808768167602014,1.0
9.92,1.8407553295952561,-3.301206452306894,0.2742264140503062,0.49490844897239233,0.0025966227613723183,0.015054005320301399,1.0
9.94,1.8506116042413043,-3.3011242487749195,0.2746516273341072,0.49550067275417503,0.0021687068573600704,0.01329924247300078,1.0
9.96,1.8604678788873534,-3.3010420452429456,0.27507684061790827,0.4960928965359578,0.0017407909533477838,0.011544479625700007,1.0
9.98,1.8703241535334019,-3.3009598417109713,0.27550205390170934,0.49668512031774054,0.0013128750493355355,0.00978971677839939,1.0
10.0,1.88018042817945,-3.300877638178997,0.27592726718551036,0.49727734409952323,0.0008849591453232871,0.008034953931098774,1.0
10.02,1.8901186353436508,-3.300854635625862,0.27610971389481376,0.4717224712436196,0.0013214449861101015,0.006442777257637963,1.0
10.040000000000001,1.9000652891895913,-3.3008377362883747,0.27626713303218453,0.44347201171857126,0.0018470447293829964,0.004867362105689797,1.0
10.06,1.9100119430355311,-3.3008208369508876,0.2764245521695553,0.4152215521935254,0.0023726444726558447,0.00329194695374177,1.0
10.08,1.9199585968814707,-3.300803937613401,0.276581971306926,0.3869710926684795,0.002898244215928693,0.0017165318017937437,1.0
10.1,1.9299052507274106,-3.3007870382759137,0.2767393904442968,0.3587206331434337,0.0034238439592015413,0.00014111664984571733,1.0
10.120000000000001,1.939851904573351,-3.3007701389384265,0.27689680958166757,0.3304701736183853,0.003949443702474436,-0.0014342985021024504,1.0
10.14,1.9497985584192907,-3.30075323960094,0.27705422871903834,0.3022197140933395,0.004475043445747284,-0.003009713654050476,1.0
10.16,1.9585550876721345,-3.3007141979977654,0.27714527936725203,0.2715742421259568,0.004679893600369739,-0.0040000960757552865,1.0
10.18,1.9641904422981193,-3.300617086946866,0.2770622745883436,0.23464770336153803,0.004043558316527696,-0.003456194335861012,1.0
10.200000000000001,1.9698257969241049,-3.300519975895967,0.27697926980943516,0.19772116459711597,0.003407223032685596,-0.0029122925959666882,1.0
10.22,1.9754611515500897,-3.300422864845068,0.2768962650305267,0.16079462583269719,0.002770887748843553,-0.002368390856072413,1.0
10.24,1.9810965061760748,-3.3003257537941693,0.2768132602516183,0.1238680870682784,0.002134552465001509,-0.0018244891161781382,1.0
10.26,1.9867318608020597,-3.3002286427432703,0.27673025547270985,0.08694154830385961,0.001498217181159466,-0.0012805873762838631,1.0
10.28,1.9923672154280445,-3.300131531692371,0.2766472506938014,0.05001500953944085,0.0008618818973174227,-0.0007366856363895881,1.0
10.3,1.99800257005403,-3.300034420641472,0.276564245914893,0.01308847077501879,0.0002255466134753227,-0.0001927838964952645,1.0
