0.0,4.5,-1.7,-3.786534758833355e-19,-2.459246717738558e-19,-1.1358505983722774e-18,-8.168174222543236e-20,0.0
0.02,4.5,-1.7,-7.113492219809771e-19,-0.03363003766314247,0.002308378518118361,0.023710108425249597,0.0
0.04,4.499343927294888,-1.6999549669211205,0.0004625494365744911,-0.06791920824501443,0.004318305878396392,0.044842391269154284,0.0
0.06,4.49801936755211,-1.6998705218935142,0.0013390966699541674,-0.10280752596159573,0.005972182770868459,0.06336118626600372,0.0
0.08,4.496014977319609,-1.6997533143239272,0.002580453409113053,-0.13822727659107312,0.007217081014527414,0.07924557827318293,0.0
0.1,4.493320609913416,-1.69961094580824,0.004137034925881008,-0.17410446159259674,0.008005778787529796,0.09248650037753231,0.0
0.12,4.489927421937667,-1.6994518801601817,0.005959061390989524,-0.21036021322814158,0.008297411171588125,0.10308280167486647,0.0
0.14,4.485827960621491,-1.6992853420032457,0.00799671375892399,-0.24691210919043377,0.008057752543165247,0.1110363786962596,0.0
0.16,4.480933439894987,-1.6991231570981096,0.01021149456518008,-0.2836857029125741,0.007191554457308533,0.11603813370871305,0.0
0.18,4.475270945112413,-1.6989790617401188,0.012530731251201558,-0.3205559087390369,0.005698938855937495,0.11818035214089581,1.0
0.2,4.468889204468259,-1.6988638402179896,0.014892877445129453,-0.35741523734794395,0.0036084240617078713,0.11760003213981816,1.0
0.22,4.461788366087772,-1.6987887464224574,0.017246684729442047,-0.3941638430477363,0.0009158067791170887,0.11422081521119518,1.0
0.24,4.45397035465087,-1.6987651158411174,0.019539566935224364,-0.43069342358179596,-0.002373971759606103,0.10793908141915003,1.0
0.26,4.44543900550035,-1.6988042202812579,0.02171715773244869,-0.46688555189003156,-0.006243733985144341,0.09862588621432306,1.0
0.28,4.436200222391329,-1.698917084674762,0.023722884378916145,-0.5026106112549089,-0.010660356734175442,0.08613130006425948,1.0
0.3,4.426231427881128,-1.6991185756670906,0.02548355493139419,-0.5376914313604981,-0.015587510190629816,0.0701318920485261,1.0
0.32,4.415481763847224,-1.6994297409475678,0.026888092130114206,-0.5718552756494902,-0.020948351296026686,0.05008034518953841,1.0
0.34,4.404065482445635,-1.6998454264750873,0.027902031416401206,-0.6050330943130093,-0.026546070901301254,0.0263183857887675,1.0
0.36,4.392001117941825,-1.7003701226589718,0.028455521776591955,-0.639699786556025,-0.03490219567603383,0.018314365172154817,1.0
0.38,4.379668906902171,-1.7009407562434906,0.028808868053127212,-0.6752974252549692,-0.04472388734778891,0.019311951295669243,1.0
0.4,4.367336695862518,-1.7015113898280094,0.02916221432966247,-0.7108950639539134,-0.054545579019544,0.02030953741918367,1.0
0.42,4.355004484822864,-1.7020820234125282,0.029515560606197727,-0.7464927026528575,-0.06436727069129906,0.021307123542698096,1.0
0.44,4.34267227378321,-1.702652656997047,0.029868906882732988,-0.7820903413518018,-0.07418896236305414,0.02230470966621252,1.0
0.46,4.330340062743556,-1.7032232905815659,0.030222253159268245,-0.8176879800507459,-0.08401065403480923,0.02330229578972695,1.0
0.48,4.318007851703902,-1.7037939241660847,0.030575599435803503,-0.8532856187496901,-0.09383234570656429,0.024299881913241377,1.0
0.5,4.305675640664249,-1.7043645577506035,0.030928945712338764,-0.8888832574486343,-0.10365403737831938,0.025297468036755803,1.0
0.52,4.293343429624595,-1.7049351913351223,0.03128229198887402,-0.9244808961475786,-0.11347572905007446,0.026295054160270233,1.0
0.54,4.281011218584941,-1.705505824919641,0.03163563826540928,-0.9600785348465228,-0.12329742072182955,0.02729264028378466,1.0
0.56,4.26416223577765,-1.7073226743003425,0.032115562287074864,-0.9737858913215796,-0.1281092845584457,0.027122268889149214,1.0
0.58,4.244699705911313,-1.7098606235719847,0.032668728197094495,-0.9748268378757616,-0.1300223034946689,0.026276080319397124,1.0
0.6,4.225237176044977,-1.712398572843627,0.033221894107114125,-0.9758677844299437,-0.1319353224308921,0.025429891749645026,1.0
0.62,4.20577464617864,-1.7149365221152693,0.03377506001713376,-0.9769087309841259,-0.1338483413671153,0.02458370317989293,1.0
0.64,4.186312116312304,-1.7174744713869117,0.0343282259271534,-0.977949677538308,-0.1357613603033385,0.02373751461014083,1.0
0.66,4.166849586445967,-1.720012420658554,0.03488139183717303,-0.97899062409249,-0.1376743792395617,0.022891326040388738,1.0
0.68,4.14738705657963,-1.7225503699301963,0.03543455774719267,-0.9800315706466721,-0.1395873981757849,0.02204513747063664,1.0
0.7000000000000001,4.127924526713294,-1.7250883192018387,0.0359877236572123,-0.9810725172008542,-0.14150041711200811,0.021198948900884543,1.0
0.72,4.108461996846957,-1.7276262684734809,0.036540889567231935,-0.9821134637550363,-0.14341343604823129,0.020352760331132452,1.0
0.74,4.088999466980621,-1.7301642177451233,0.037094055477251565,-0.9831544103092184,-0.1453264549844545,0.019506571761380355,1.0
0.76,4.069408017936775,-1.7329390906386617,0.037542422601981346,-0.9839924303665917,-0.1433218530632449,0.018901557436234485,1.0
0.78,4.049736983206517,-1.7358602236111138,0.037926094284003044,-0.9847051777930663,-0.13889878593718558,0.01844542722726832,1.0
0.8,4.030065948476259,-1.738781356583566,0.038309765966024735,-0.985417925219541,-0.13447571881112627,0.017989297018302156,1.0
0.8200000000000001,4.010394913746,-1.741702489556018,0.03869343764804643,-0.9861306726460156,-0.13005265168506697,0.017533166809335993,1.0
0.84,3.990723879015742,-1.7446236225284701,0.039077109330068124,-0.9868434200724903,-0.1256295845590077,0.01707703660036983,1.0
0.86,3.971052844285484,-1.7475447555009223,0.03946078101208982,-0.9875561674989648,-0.12120651743294837,0.016620906391403668,1.0
0.88,3.9513818095552256,-1.7504658884733744,0.039844452694111514,-0.9882689149254394,-0.11678345030688907,0.0161647761824375,1.0
0.9,3.9317107748249676,-1.7533870214458265,0.04022812437613321,-0.9889816623519141,-0.11236038318082975,0.01570864597347134,1.0
0.92,3.912039740094709,-1.7563081544182788,0.0406117960581549,-0.9896944097783887,-0.10793731605477044,0.015252515764505174,1.0
0.9400000000000001,3.8923687053644507,-1.759229287390731,0.0409954677401766,-0.9904071572048634,-0.10351424892871114,0.01479638555553901,1.0
0.96,3.8726115621724495,-1.761616060655573,0.04132403340681382,-0.9906904911788527,-0.10193036234642266,0.014550559679937198,1.0
0.98,3.8527977618942675,-1.7636512393919215,0.041616340775491145,-0.9906912824794228,-0.10221458133119013,0.014443108483182737,1.0
1.0,3.832983961616085,-1.7656864181282699,0.04190864814416847,-0.9906920737799931,-0.10249880031595761,0.014335657286428273,1.0
1.02,3.8131701613379025,-1.7677215968646183,0.042200955512845785,-0.9906928650805633,-0.10278301930072507,0.01422820608967381,1.0
1.04,3.79335636105972,-1.7697567756009667,0.04249326288152311,-0.9906936563811335,-0.10306723828549255,0.014120754892919349,1.0
1.06,3.7735425607815376,-1.771791954337315,0.042785570250200425,-0.9906944476817037,-0.10335145727026002,0.014013303696164886,1.0
1.08,3.753728760503355,-1.7738271330736635,0.04307787761887775,-0.9906952389822739,-0.1036356762550275,0.013905852499410423,1.0
1.1,3.733914960225173,-1.7758623118100116,0.04337018498755507,-0.990696030282844,-0.10391989523979496,0.013798401302655961,1.0
1.12,3.7141011599469906,-1.77789749054636,0.04366249235623239,-0.9906968215834142,-0.10420411422456244,0.013690950105901498,1.0
1.1400000000000001,3.694287359668808,-1.7799326692827084,0.04395479972490971,-0.9906976128839844,-0.1044883332093299,0.013583498909147035,1.0
1.16,3.6744734661943883,-1.7820013222020556,0.044234451918470745,-0.990714978490383,-0.10461922629444345,0.013475739154991754,1.0
1.18,3.6546595074162163,-1.7840934308936498,0.04450523647498495,-0.9907439579169809,-0.10464268203352929,0.013367763190865972,1.0
1.2,3.6348455486380447,-1.786185539585244,0.04477602103149915,-0.9907729373435787,-0.10466613777261512,0.013259787226740188,1.0
1.22,3.615031589859873,-1.788277648276838,0.045046805588013356,-0.9908019167701766,-0.10468959351170094,0.013151811262614405,1.0
1.24,3.595217631081701,-1.7903697569684325,0.045317590144527554,-0.9908308961967744,-0.10471304925078677,0.013043835298488621,1.0
1.26,3.5754036723035294,-1.7924618656600266,0.04558837470104176,-0.9908598756233723,-0.10473650498987261,0.012935859334362839,1.0
1.28,3.555589713525358,-1.7945539743516208,0.045859159257555966,-0.9908888550499702,-0.10475996072895843,0.012827883370237055,1.0
1.3,3.5357757547471858,-1.796646083043215,0.046129943814070165,-0.990917834476568,-0.10478341646804426,0.012719907406111272,1.0
1.32,3.515961795969014,-1.798738191734809,0.04640072837058437,-0.9909468139031659,-0.10480687220713009,0.012611931441985488,1.0
1.34,3.4961478371908425,-1.8008303004264032,0.04667151292709858,-0.9909757933297637,-0.10483032794621591,0.012503955477859704,1.0
1.36,3.4763305533124615,-1.802925100430149,0.04692990831850302,-0.9910019396596116,-0.10485932443064035,0.012403379923524114,1.0
1.3800000000000001,3.4565107898641316,-1.8050219073799454,0.04717906495030159,-0.9910259733128117,-0.10489245272005465,0.012308322949854043,1.0
1.4000000000000001,3.4366910264158017,-1.8071187143297416,0.04742822158210015,-0.9910500069660118,-0.10492558100946896,0.012213265976183971,1.0
1.42,3.4168712629674722,-1.809215521279538,0.04767737821389872,-0.9910740406192119,-0.10495870929888326,0.0121182090025139,1.0
1.44,3.3970514995191423,-1.8113123282293344,0.04792653484569728,-0.9910980742724119,-0.10499183758829757,0.012023152028843829,1.0
1.46,3.3772317360708124,-1.8134091351791308,0.04817569147749585,-0.9911221079256121,-0.10502496587771187,0.011928095055173758,1.0
1.48,3.3574119726224825,-1.8155059421289272,0.04842484810929441,-0.9911461415788121,-0.10505809416712618,0.011833038081503688,1.0
1.5,3.3375922091741526,-1.8176027490787237,0.04867400474109297,-0.9911701752320122,-0.10509122245654048,0.011737981107833617,1.0
1.52,3.3177724457258226,-1.81969955602852,0.04892316137289154,-0.9911942088852123,-0.10512435074595479,0.011642924134163546,1.0
1.54,3.2979526822774927,-1.8217963629783165,0.0491723180046901,-0.9912182425384124,-0.1051574790353691,0.011547867160493474,1.0
1.56,3.2781302341733003,-1.823896870491471,0.04941085638966949,-0.9912407905319852,-0.10518822407406504,0.011458631873368154,1.0
1.58,3.2583056567087563,-1.8260003131416775,0.049640972811113106,-0.9912621601604833,-0.10521707881476847,0.011374014112340262,1.0
1.6,3.2384810792442122,-1.8281037557918838,0.049871089232556724,-0.9912835297889815,-0.10524593355547188,0.01128939635131237,1.0
1.62,3.2186565017796678,-1.8302071984420902,0.05010120565400034,-0.9913048994174796,-0.1052747882961753,0.011204778590284478,1.0
1.6400000000000001,3.1988319243151238,-1.8323106410922965,0.05033132207544397,-0.9913262690459776,-0.10530364303687871,0.011120160829256586,1.0
1.6600000000000001,3.1790073468505797,-1.834414083742503,0.05056143849688759,-0.9913476386744757,-0.10533249777758213,0.011035543068228695,1.0
1.68,3.1591827693860357,-1.8365175263927092,0.050791554918331205,-0.9913690083029738,-0.10536135251828554,0.010950925307200803,1.0
1.7,3.1393581919214917,-1.8386209690429156,0.051021671339774824,-0.9913903779314719,-0.10539020725898897,0.010866307546172913,1.0
1.72,3.119533614456947,-1.8407244116931218,0.05125178776121844,-0.9914117475599701,-0.10541906199969239,0.01078168978514502,1.0
1.74,3.099709036992403,-1.8428278543433283,0.05148190418266206,-0.9914331171884682,-0.1054479167403958,0.010697072024117129,1.0
1.76,3.079882137332477,-1.8449344325812975,0.0517028253589038,-0.9914532086286709,-0.10547514590948527,0.010617331716349189,1.0
1.78,3.0600532794642326,-1.8470436549266858,0.051915992577069324,-0.9914722222272025,-0.1055010043033678,0.010541704356878562,1.0
1.8,3.0402244215959886,-1.849152877272074,0.05212915979523484,-0.9914912358257342,-0.10552686269725034,0.010466076997407935,1.0
1.82,3.020395563727744,-1.8512620996174622,0.05234232701340036,-0.9915102494242658,-0.10555272109113287,0.010390449637937308,1.0
1.84,3.0005667058595,-1.8533713219628505,0.05255549423156587,-0.9915292630227974,-0.1055785794850154,0.010314822278466682,1.0
1.86,2.980737847991256,-1.855480544308239,0.052768661449731386,-0.991548276621329,-0.10560443787889792,0.010239194918996056,1.0
1.8800000000000001,2.9609089901230115,-1.8575897666536272,0.052981828667896906,-0.9915672902198607,-0.10563029627278045,0.01016356755952543,1.0
1.9000000000000001,2.9410801322547675,-1.8596989889990154,0.05319499588606242,-0.9915863038183923,-0.10565615466666299,0.010087940200054803,1.0
1.92,2.9212512743865235,-1.8618082113444037,0.05340816310422793,-0.9916053174169239,-0.10568201306054552,0.010012312840584176,1.0
1.94,2.901422416518279,-1.863917433689792,0.053621330322393454,-0.9916243310154556,-0.10570787145442805,0.009936685481113549,1.0
1.96,2.881591550205067,-1.8660293875097609,0.05382650886922328,-0.9916422783530455,-0.1057323415155706,0.009865157257295186,1.0
1.98,2.8617588838533243,-1.8681437893726527,0.054024527689777196,-0.9916592700703378,-0.10575556730442048,0.009797302822021226,1.0
2.0,2.8419262175015816,-1.8702581912355447,0.054222546510331114,-0.9916762617876301,-0.10577879309327039,0.009729448386747266,1.0
2.02,2.822093551149839,-1.8723725930984365,0.05442056533088503,-0.9916932535049224,-0.10580201888212028,0.009661593951473306,1.0
2.04,2.802260884798096,-1.8744869949613285,0.05461858415143894,-0.9917102452222147,-0.10582524467097017,0.009593739516199346,1.0
2.06,2.7824282184463534,-1.8766013968242203,0.05481660297199286,-0.991727236939507,-0.10584847045982006,0.009525885080925386,1.0
2.08,2.7625955520946106,-1.8787157986871121,0.05501462179254678,-0.9917442286567992,-0.10587169624866996,0.009458030645651426,1.0
2.1,2.742762885742868,-1.8808302005500042,0.055212640613100696,-0.9917612203740915,-0.10589492203751985,0.009390176210377466,1.0
2.12,2.722930219391125,-1.882944602412896,0.055410659433654606,-0.9917782120913838,-0.10591814782636974,0.009322321775103505,1.0
2.14,2.7030975530393824,-1.885059004275788,0.055608678254208524,-0.9917952038086761,-0.10594137361521963,0.009254467339829545,1.0
2.16,2.6832631434049397,-1.8871757890123584,0.05579973547923423,-0.9918113243884527,-0.1059634607657575,0.00918997174174955,1.0
2.18,2.6634270735588603,-1.8892948430736982,0.05598416284330421,-0.9918266153422362,-0.10598446353647797,0.009128674925253273,1.0
2.2,2.643591003712781,-1.8914138971350378,0.05616859020737418,-0.9918419062960196,-0.10600546630719844,0.009067378108756997,1.0
2.22,2.6237549338667017,-1.8935329511963774,0.056353017571444154,-0.9918571972498033,-0.10602646907791892,0.00900608129226072,1.0
2.24,2.6039188640206223,-1.895652005257717,0.056537444935514124,-0.9918724882035868,-0.1060474718486394,0.008944784475764444,1.0
2.2600000000000002,2.584082794174543,-1.8977710593190569,0.0567218722995841,-0.9918877791573703,-0.10606847461935986,0.008883487659268167,1.0
2.2800000000000002,2.5642467243284637,-1.8998901133803965,0.05690629966365407,-0.9919030701111538,-0.10608947739008034,0.008822190842771891,1.0
2.3000000000000003,2.5444106544823843,-1.902009167441736,0.057090727027724046,-0.9919183610649372,-0.10611048016080081,0.008760894026275614,1.0
2.32,2.524574584636305,-1.9041282215030757,0.057275154391794016,-0.9919336520187209,-0.10613148293152129,0.008699597209779338,1.0
2.34,2.5047385147902257,-1.9062472755644153,0.057459581755863985,-0.9919489429725044,-0.10615248570224176,0.008638300393283062,1.0
2.36,2.484900922576362,-1.908368420662193,0.05763790640717675,-0.9919630791298253,-0.10617193177467857,0.008581594469014762,1.0
2.38,2.4650617899042184,-1.9104916816444677,0.05781005582639832,-0.9919760467680864,-0.10618980265038237,0.008529533991147314,1.0
2.4,2.4452226572320743,-1.9126149426267423,0.05798220524561989,-0.9919890144063475,-0.10620767352608616,0.008477473513279868,1.0
2.42,2.4253835245599307,-1.914738203609017,0.05815435466484145,-0.9920019820446084,-0.10622554440178997,0.00842541303541242,1.0
2.44,2.405544391887787,-1.9168614645912918,0.05832650408406302,-0.9920149496828695,-0.10624341527749377,0.008373352557544973,1.0
2.46,2.385705259215643,-1.9189847255735666,0.058498653503284585,-0.9920279173211306,-0.10626128615319758,0.008321292079677526,1.0
2.48,2.3658661265434993,-1.9211079865558414,0.058670802922506156,-0.9920408849593917,-0.10627915702890138,0.008269231601810078,1.0
2.5,2.3460269938713556,-1.9232312475381161,0.058842952341727726,-0.9920538525976527,-0.10629702790460518,0.008217171123942631,1.0
2.52,2.3261878611992115,-1.925354508520391,0.05901510176094929,-0.9920668202359137,-0.10631489878030899,0.008165110646075183,1.0
2.54,2.306348728527068,-1.9274777695026655,0.05918725118017086,-0.9920797878741748,-0.10633276965601278,0.008113050168207736,1.0
2.56,2.286508344166247,-1.929602755453845,0.0593543755123751,-0.9920993399220737,-0.10635996292425784,0.008033423563164567,1.0
2.58,2.2666666140354343,-1.9317295960286471,0.05951609705438257,-0.9921259712869517,-0.10639717928879135,0.007924158864063599,1.0
2.6,2.2468248839046217,-1.9338564366034494,0.05967781859639004,-0.9921526026518296,-0.10643439565332484,0.007814894164962631,1.0
2.62,2.226983153773809,-1.9359832771782515,0.05983954013839751,-0.9921792340167076,-0.10647161201785835,0.007705629465861664,1.0
2.64,2.2071414236429963,-1.9381101177530538,0.06000126168040498,-0.9922058653815855,-0.10650882838239184,0.007596364766760696,1.0
2.66,2.1872996935121836,-1.9402369583278558,0.06016298322241245,-0.9922324967464635,-0.10654604474692533,0.0074871000676597285,1.0
2.68,2.167457963381371,-1.942363798902658,0.06032470476441992,-0.9922591281113414,-0.10658326111145884,0.007377835368558761,1.0
2.7,2.147616233250558,-1.9444906394774601,0.06048642630642739,-0.9922857594762193,-0.10662047747599233,0.007268570669457793,1.0
2.72,2.1277745031197455,-1.9466174800522622,0.060648147848434864,-0.9923123908410973,-0.10665769384052584,0.007159305970356826,1.0
2.74,2.107932772988933,-1.9487443206270645,0.060809869390442334,-0.9923390222059753,-0.10669491020505933,0.007050041271255858,1.0
2.7600000000000002,2.0880885531443365,-1.9508746404863933,0.06096137599120935,-0.9924088864100128,-0.10655931292958651,0.006480612253833989,1.0
2.7800000000000002,2.0682414886675025,-1.9530089356158904,0.06110121147083835,-0.992528146463825,-0.10622626675261358,0.005385420691518794,1.0
2.8000000000000003,2.0483944241906684,-1.9551432307453875,0.06124104695046735,-0.9926474065176373,-0.10589322057564066,0.004290229129203598,1.0
2.82,2.028547359713835,-1.9572775258748847,0.061380882430096345,-0.9927666665714496,-0.10556017439866774,0.0031950375668884264,1.0
2.84,2.0087002952370003,-1.9594118210043818,0.06152071790972534,-0.9928859266252619,-0.10522712822169482,0.0020998460045732305,1.0
2.86,1.9888532307601663,-1.961546116133879,0.06166055338935434,-0.9930051866790741,-0.10489408204472189,0.0010046544422580355,1.0
2.88,1.9690061662833322,-1.963680411263376,0.061800388868983334,-0.9931244467328864,-0.10456103586774898,-9.05371200571603e-05,1.0
2.9,1.949159101806498,-1.965814706392873,0.061940224348612336,-0.9932437067866986,-0.10422798969077605,-0.0011857286823723561,1.0
2.92,1.929312037329664,-1.9679490015223702,0.06208005982824133,-0.993362966840511,-0.10389494351380313,-0.002280920244687551,1.0
2.94,1.9094649728528297,-1.9700832966518673,0.06221989530787033,-0.9934822268943232,-0.1035618973368302,-0.003376111807002748,1.0
2.96,1.8896071210622736,-1.9721874670792527,0.06226066848968278,-0.9936734517614471,-0.10052757870099466,-0.004278103654739544,1.0
2.98,1.8697361684221214,-1.9742550520135624,0.0621811336599033,-0.9939520756066377,-0.09421265053502621,-0.0049454605907756095,1.0
3.0,1.8498652157819695,-1.976322636947872,0.06210159883012381,-0.9942306994518283,-0.08789772236905777,-0.005612817526811675,1.0
3.02,1.8299942631418173,-1.9783902218821814,0.062022064000344324,-0.9945093232970189,-0.08158279420308931,-0.0062801744628477405,1.0
3.04,1.8101233105016652,-1.980457806816491,0.061942529170564836,-0.9947879471422094,-0.07526786603712088,-0.006947531398883805,1.0
3.06,1.7902523578615133,-1.9825253917508006,0.06186299434078535,-0.9950665709874,-0.06895293787115242,-0.007614888334919871,1.0
3.08,1.7703814052213611,-1.98459297668511,0.06178345951100586,-0.9953451948325907,-0.06263800970518399,-0.008282245270955935,1.0
3.1,1.7505104525812092,-1.9866605616194195,0.061703924681226374,-0.9956238186777813,-0.05632308153921554,-0.008949602206992001,1.0
3.12,1.730639499941057,-1.9887281465537292,0.06162438985144689,-0.9959024425229719,-0.05000815337324709,-0.009616959143028066,1.0
3.14,1.710768547300905,-1.9907957314880387,0.0615448550216674,-0.9961810663681625,-0.04369322520727865,-0.010284316079064132,1.0
3.16,1.6908732384709007,-1.992311290484982,0.06140698249928224,-0.9886820877974829,-0.03772010409588811,-0.03527921969460148,1.0
3.18,1.6709464765995317,-1.9931139754754565,0.061193773979363424,-0.9711392866097477,-0.0321883850055669,-0.09169017551903967,1.0
3.2,1.6510197147281627,-1.9939166604659313,0.06098056545944461,-0.9535964854220125,-0.02665666591524569,-0.14810113134347785,1.0
3.22,1.6310929528567937,-1.994719345456406,0.06076735693952579,-0.9360536842342773,-0.021124946824924485,-0.20451208716791602,1.0
3.24,1.6111661909854247,-1.9955220304468808,0.06055414841960698,-0.918510883046542,-0.015593227734603275,-0.2609230429923542,1.0
3.2600000000000002,1.5912394291140557,-1.9963247154373556,0.06034093989968817,-0.9009680818588068,-0.010061508644282065,-0.3173339988167924,1.0
3.2800000000000002,1.5713126672426867,-1.9971274004278303,0.06012773137976935,-0.8834252806710717,-0.004529789553960856,-0.3737449546412306,1.0
3.3000000000000003,1.5513859053713177,-1.997930085418305,0.059914522859850536,-0.8658824794833365,0.0010019295363603506,-0.43015591046566876,1.0
3.3200000000000003,1.5314591434999487,-1.9987327704087796,0.05970131433993172,-0.8483396782956013,0.006533648626681557,-0.4865668662901069,1.0
3.34,1.5115323816285802,-1.9995354553992544,0.05948810582001291,-0.8307968771078665,0.012065367717002645,-0.5429778221145438,1.0
3.36,1.493085881813281,-1.999871373777794,0.05451493926603081,-0.8310322026819379,0.016859996681493326,-0.5949023616080417,1.0
3.38,1.4766729981134261,-1.9995660380619722,0.04300243913444465,-0.8556915043600887,0.02064199524565896,-0.6406633650480535,1.0
3.4,1.4602601144135712,-1.9992607023461504,0.0314899390028585,-0.8803508060382393,0.024423993809824594,-0.6864243684880654,0.0
3.42,1.4438472307137162,-1.9989553666303284,0.019977438871272346,-0.9050101077163901,0.02820599237399023,-0.7321853719280773,0.0
3.44,1.4274343470138613,-1.9986500309145065,0.008464938739686192,-0.9296694093945409,0.031987990938155866,-0.7779463753680892,0.0
3.46,1.4110214633140064,-1.9983446951986847,-0.003047561391899961,-0.9543287110726917,0.0357699895023215,-0.8237073788081011,0.0
3.48,1.3944085301548632,-1.9980086778854005,-0.014931299286588623,-0.978945520966774,0.03962863766131386,-0.8695342282437771,0.0
3.5,1.3748602367925213,-1.9972224642032692,-0.032262272877948105,-1.002938841587948,0.044611978539026806,-0.9163272473252004,0.0
3.52,1.3553119434301797,-1.9964362505211377,-0.049593246469307586,-1.0269321622091223,0.04959531941673976,-0.9631202664066237,0.0
3.54,1.3357636500678378,-1.9956500368390062,-0.06692422006066708,-1.0509254828302965,0.054578660294452706,-1.009913285488047,0.0
3.56,1.3162153567054962,-1.994863823156875,-0.08425519365202655,-1.0749188034514707,0.05956200117216565,-1.0567063045694705,0.0
3.58,1.2966670633431543,-1.9940776094747434,-0.10158616724338602,-1.098912124072645,0.0645453420498786,-1.1034993236508936,0.0
3.6,1.2771187699808126,-1.993291395792612,-0.11891714083474551,-1.122905444693819,0.06952868292759155,-1.150292342732317,0.0
3.62,1.255415608370721,-1.9920576224252393,-0.14045065031627627,-1.1459950265042915,0.07580129905972526,-1.1982646240434132,0.0
3.64,1.232816584282398,-1.9906377811025775,-0.16373131729634893,-1.1687088889678967,0.08260991702201917,-1.246727170494693,0.0
3.66,1.2102175601940748,-1.9892179397799157,-0.18701198427642157,-1.1914227514315021,0.08941853498431307,-1.2951897169459725,0.0
3.68,1.1876185361057516,-1.9877980984572536,-0.2102926512564942,-1.2141366138951075,0.09622715294660698,-1.343652263397252,0.0
3.7,1.1650195120174285,-1.9863782571345918,-0.23357331823656688,-1.2368504763587127,0.10303577090890088,-1.3921148098485316,0.0
3.72,1.1424204879291053,-1.98495841581193,-0.2568539852166395,-1.259564338822318,0.1098443888711948,-1.4405773562998112,0.0
3.74,1.1188138623208244,-1.9832365398256957,-0.28228448186762567,-1.2813530788507839,0.1175946375260614,-1.4899564969145993,0.0
3.7600000000000002,1.0933267895452226,-1.980950988402002,-0.3117271212504544,-1.3014152991905372,0.12710221458252186,-1.541046241239498,0.0
3.7800000000000002,1.0678397167696205,-1.978665436978308,-0.3411697606332831,-1.3214775195302904,0.13660979163898232,-1.5921359855643968,0.0
3.8000000000000003,1.0423526439940187,-1.9763798855546142,-0.3706124000161118,-1.3415397398700437,0.14611736869544278,-1.6432257298892956,0.0
3.8200000000000003,1.0168655712184167,-1.9740943341309203,-0.4000550393989405,-1.361601960209797,0.15562494575190325,-1.6943154742141942,0.0
3.84,0.9913784984428154,-1.9718087827072266,-0.42949767878176853,-1.38166418054955,0.1651325228083635,-1.7454052185390918,0.0
3.86,0.9658914256672135,-1.9695232312835327,-0.45894031816459724,-1.4017264008893033,0.17464009986482396,-1.7964949628639906,0.0
3.88,0.937875323868594,-1.9660391615549269,-0.49482329386055496,-1.400346237190025,0.1909227239258482,-1.8519168125147485,0.0
3.9,0.9098373564924381,-1.962544729630124,-0.5307619516668137,-1.398780686092461,0.20726392395189358,-1.9073761168503027,0.0
3.92,0.8817993891162823,-1.959050297705321,-0.5667006094730724,-1.3972151349948967,0.22360512397793897,-1.962835421185857,0.0
3.94,0.8537614217401265,-1.955555865780518,-0.6026392672793311,-1.3956495838973326,0.23994632400398436,-2.018294725521411,0.0
3.96,0.8257234543639707,-1.9520614338557152,-0.6385779250855899,-1.3940840327997683,0.25628752403002975,-2.0737540298569654,0.0
3.98,0.7976854869878148,-1.9485670019309123,-0.6745165828918486,-1.392518481702204,0.27262872405607513,-2.1292133341925195,0.0
4.0,0.769773716726243,-1.9437553263241427,-0.7149257458094969,-1.3809647053633336,0.29847710152390244,-2.156748660773602,0.0
4.0200000000000005,0.7419348078677453,-1.9381831244313636,-0.7579160079538841,-1.3636441085412154,0.3298145608140345,-2.168161747117022,0.0
4.04,0.714095899009249,-1.932610922538585,-0.8009062700982696,-1.3463235117190981,0.3611520201041651,-2.1795748334604417,0.0
4.0600000000000005,0.6862569901507514,-1.9270387206458062,-0.8438965322426569,-1.32900291489698,0.3924894793942971,-2.1909879198038618,0.0
4.08,0.6584180812922551,-1.9214665187530275,-0.8868867943870423,-1.3116823180748627,0.4238269386844278,-2.2024010061472814,0.0
4.1,0.6305791724337587,-1.915894316860249,-0.9298770565314277,-1.2943617212527454,0.45516439797455843,-2.213814092490701,0.0
4.12,0.6033492248988935,-1.9092203457337305,-0.9732685824566065,-1.2729889149819522,0.48194183382812883,-2.218177181594052,0.0
4.14,0.577712615494975,-1.8996636120022765,-1.0177100090202817,-1.2410135637241684,0.4967880370442314,-2.2040940591077116,0.0
4.16,0.5520760060910553,-1.8901068782708221,-1.062151435583959,-1.2090382124663828,0.5116342402603347,-2.1900109366213707,0.0
4.18,0.5264393966871368,-1.8805501445393682,-1.1065928621476342,-1.177062861208599,0.5264804434764372,-2.1759278141350302,0.0
4.2,0.5008027872832171,-1.8709934108079138,-1.1510342887113114,-1.1450875099508133,0.5413266466925405,-2.1618446916486893,0.0
4.22,0.4751661778792986,-1.8614366770764597,-1.1954757152749866,-1.1131121586930295,0.5561728499086431,-2.147761569162349,0.0
4.24,0.4495295684753789,-1.8518799433450053,-1.2399171418386639,-1.0811368074352439,0.5710190531247463,-2.133678446676008,0.0
4.26,0.42762949805432326,-1.8405883289982532,-1.2827128590011667,-1.0505131351809338,0.5761211015071203,-2.1062258157180085,0.0
4.28,0.4060585279212786,-1.8291439128975835,-1.3253636282746242,-1.0200085137250705,0.5803649214120395,-2.077595648781183,0.0
4.3,0.38448755778823496,-1.8176994967969142,-1.3680143975480794,-0.9895038922692085,0.5846087413169586,-2.0489654818443586,0.0
4.32,0.36291658765519036,-1.8062550806962445,-1.4106651668215369,-0.9589992708133454,0.5888525612218779,-2.020335314907533,0.0
4.34,0.3413456175221467,-1.7948106645955753,-1.453315936094992,-0.9284946493574834,0.593096381126797,-1.991705147970709,0.0
4.36,0.3197746473891021,-1.7833662484949055,-1.4959667053684496,-0.8979900279016202,0.5973402010317161,-1.9630749810338834,0.0
4.38,0.3003819001622758,-1.7716187968119022,-1.536573099643812,-0.8686273577633455,0.5993277596050443,-1.9309767308818855,0.0
4.4,0.2826895672311898,-1.7596347825462308,-1.5755835670456273,-0.8401561438391805,0.5995539837381667,-1.896171146112722,0.0
4.42,0.26499723430010463,-1.7476507682805602,-1.6145940344474408,-0.8116849299150166,0.5997802078712892,-1.86136556134356,0.0
4.44,0.24730490136901864,-1.7356667540148891,-1.653604501849256,-0.7832137159908515,0.6000064320044116,-1.8265599765743965,0.0
4.46,0.22961256843793346,-1.7236827397492185,-1.6926149692510695,-0.7547425020666877,0.6002326561375341,-1.7917543918052345,0.0
4.48,0.21192023550684747,-1.7116987254835474,-1.7316254366528847,-0.7262712881425226,0.6004588802706566,-1.7569488070360708,0.0
4.5,0.19496689555620222,-1.6997088393907454,-1.769732497445727,-0.6980069403789898,0.6000321496431118,-1.7217541642131922,0.0
4.5200000000000005,0.180894653753635,-1.687696060915035,-1.8043174637438173,-0.6705490978571419,0.5970597564700073,-1.6850427080135584,0.0
4.54,0.16682241195106842,-1.6756832824393255,-1.8389024300419061,-0.6430912553352952,0.5940873632969028,-1.6483312518139261,0.0
4.5600000000000005,0.1527501701485012,-1.6636705039636155,-1.8734873963399965,-0.6156334128134473,0.5911149701237982,-1.6116197956142924,0.0
4.58,0.1386779283459346,-1.651657725487906,-1.9080723626380853,-0.5881755702916006,0.5881425769506938,-1.5749083394146601,0.0
4.6000000000000005,0.12460568654336737,-1.6396449470121959,-1.9426573289361757,-0.5607177277697526,0.5851701837775892,-1.5381968832150261,0.0
4.62,0.11053344474080078,-1.6276321685364863,-1.9772422952342645,-0.533259885247906,0.5821977906044848,-1.501485427015394,0.0
4.64,0.0994171613580313,-1.615939381357252,-2.0078751105951493,-0.5061629429908454,0.577010506813006,-1.4652341397945892,0.0
4.66,0.08883616135450945,-1.6043045401969327,-2.0377922458250843,-0.47913135480372343,0.5714221368198646,-1.4290661828413407,0.0
4.68,0.07825516135098806,-1.592669699036614,-2.0677093810550184,-0.45209976661660256,0.5658337668267235,-1.392898225888094,0.0
4.7,0.0676741613474662,-1.5810348578762947,-2.0976265162849534,-0.4250681784294805,0.560245396833582,-1.3567302689348455,0.0
4.72,0.05709316134394482,-1.569400016715976,-2.1275436515148876,-0.3980365902423597,0.5546570268404408,-1.3205623119815988,0.0
4.74,0.046512161340422964,-1.5577651755556567,-2.1574607867448226,-0.3710050020552377,0.5490686568472994,-1.2843943550283503,0.0
4.76,0.03761263157450442,-1.5464779528095849,-2.1851281339582034,-0.34377816498564634,0.5425722796462638,-1.2495972671614655,0.0
4.78,0.03046867548651863,-1.535553668237718,-2.210446543596323,-0.31634747429376214,0.535127878794315,-1.216231463435142,0.0
4.8,0.02332471939853317,-1.5246293836658515,-2.2357649532344417,-0.2889167836018791,0.5276834779423665,-1.18286565970882,0.0
4.82,0.01618076331054739,-1.5137050990939847,-2.2610833628725615,-0.2614860929099949,0.5202390770904177,-1.1494998559824965,0.0
4.84,0.009036807222561928,-1.5027808145221182,-2.28640177251068,-0.23405540221811189,0.5127946762384693,-1.1161340522561745,0.0
4.86,0.0018928511345761428,-1.491856529950251,-2.3117201821488,-0.20662471152622766,0.5053502753865206,-1.0827682485298509,0.0
4.88,-0.0047915484177356955,-1.481056964187113,-2.336479602101144,-0.17877442490638598,0.49808367075620874,-1.0504097330869568,0.0
4.9,-0.008447715039233137,-1.471079228980969,-2.3575555775955244,-0.14815922448803154,0.49198864857884833,-1.0246887112143124,0.0
4.92,-0.012103881660730415,-1.4611014937748255,-2.3786315530899045,-0.11754402406967848,0.48589362640148814,-0.998967689341669,0.0
4.94,-0.015760048282227858,-1.4511237585686814,-2.399707528584285,-0.08692882365132404,0.4797986042241277,-0.9732466674690246,0.0
4.96,-0.019416214903725137,-1.4411460233625377,-2.420783504078665,-0.056313623232970955,0.47370358204676755,-0.9475256455963812,0.0
4.98,-0.02307238152522258,-1.4311682881563936,-2.4418594795730457,-0.02569842281461654,0.4676085598694071,-0.9218046237237367,0.0
5.0,-0.02672854814671986,-1.4211905529502502,-2.4629354550674254,0.004916777603736544,0.4615135376920469,-0.8960836018510934,0.0
5.0200000000000005,-0.02737058682503059,-1.4118128849136191,-2.481479144321826,0.035339065325123556,0.46198309325436976,-0.8675432015240163,0.0
5.04,-0.02713405622162147,-1.4026101266990134,-2.4992847133156046,0.06570512213235957,0.4643661164790672,-0.8381809982243076,0.0
5.0600000000000005,-0.026897525618212344,-1.3934073684844073,-2.5170902823093844,0.09607117893959696,0.46674913970376486,-0.8088187949245975,0.0
5.08,-0.026660995014803224,-1.3842046102698016,-2.534895851303163,0.126437235746833,0.4691321629284623,-0.7794565916248887,0.0
5.1000000000000005,-0.026424464411394098,-1.3750018520551952,-2.552701420296943,0.15680329255407036,0.4715151861531599,-0.7500943883251786,0.0
5.12,-0.02618793380798498,-1.3657990938405895,-2.5705069892907217,0.1871693493613064,0.47389820937785737,-0.7207321850254698,0.0
5.14,-0.024341957330894275,-1.3564700318743894,-2.586756318129814,0.21675771851707037,0.47655860590166005,-0.688961676837627,0.0
5.16,-0.020244407905148254,-1.3469642742422745,-2.6008285074383375,0.24525812286010654,0.4796070404621295,-0.6538220127018209,0.0
5.18,-0.016146858479402414,-1.33745851661016,-2.61490069674686,0.2737585272031414,0.48265547502259876,-0.6186823485660166,0.0
5.2,-0.012049309053656395,-1.327952758978045,-2.628972886055384,0.30225893154617767,0.48570390958306814,-0.5835426844302106,0.0
5.22,-0.007951759627910556,-1.3184470013459306,-2.643045075363907,0.3307593358892126,0.4887523441435374,-0.5484030202944061,0.0
5.24,-0.003854210202164532,-1.3089412437138157,-2.6571172646724306,0.3592597402322487,0.4918007787040068,-0.5132633561586002,0.0
5.26,0.00045854427311779327,-1.299412467513168,-2.670924116231004,0.38770917489826856,0.49482040090801044,-0.4779476193181158,0.0
5.28,0.008179896364821337,-1.2895191039666152,-2.6805283265226856,0.415351309178181,0.4973836689057171,-0.4398430956774066,0.0
5.3,0.015901248456524537,-1.2796257404200626,-2.6901325368143674,0.4429934434580922,0.4999469369034237,-0.4017385720366991,0.0
5.32,0.024715992103730378,-1.2696309861648616,-2.698229513114879,0.4705648340334016,0.5022491580802039,-0.36330390894438147,0.0
5.34,0.03361574105060265,-1.259628349328596,-2.706209310097109,0.4981307246670108,0.5045310842737931,-0.32484357928927327,0.0
5.36,0.043451307010986026,-1.2495482448209996,-2.712883441635228,0.5256979297861203,0.5065661251062089,-0.2862823712168622,0.0
5.38,0.05352620251143636,-1.2394483284250943,-2.719223657134516,0.5532654710769431,0.5085380265010145,-0.24769536409948256,0.0
5.4,0.06438240310204013,-1.2292925254130849,-2.72447025950536,0.5808895222494437,0.5102773081653786,-0.20918695413649435,0.0
5.42,0.07563251552434219,-1.2191085459568236,-2.7291654932034217,0.608542064098992,0.5118993095697489,-0.17071817062602107,0.0
5.44,0.08751129753034831,-1.2088876909412298,-2.7329861543487444,0.6362937796739244,0.5132983124187522,-0.13247007890211573,0.0
5.46,0.09994025048728403,-1.1986345648215946,-2.736041446172135,0.6641322856777476,0.5145021613579074,-0.09441512235323397,0.0
5.48,0.11284601362155502,-1.1883608195126214,-2.7384449432987106,0.6921004733633744,0.5154866120768014,-0.056688897301025346,0.0
5.5,0.12646173485026432,-1.1780563727608806,-2.739877934880495,0.7202617537388639,0.5161443844868331,-0.019452144995113108,0.0
5.5200000000000005,0.14040189766018207,-1.167744347919012,-2.7408819278288337,0.7485649909108404,0.5165852424107786,0.01739463949655774,0.0
5.54,0.15521814718008517,-1.1574118600279164,-2.740727499590945,0.7772515527551043,0.5164403680813056,0.0531883973752118,0.0
5.5600000000000005,0.17020404778744366,-1.1470802289173463,-2.7403613886152933,0.8060538310895822,0.5161061054252584,0.08863309641316937,0.0
5.58,0.186243218588337,-1.136753917085325,-2.738681056071617,0.8355745293992572,0.5145960349251433,0.1219106812981117,0.0
5.6000000000000005,0.2022914544416293,-1.1264280689573816,-2.736990504831638,0.8651038240716056,0.5130663040131475,0.15515662611072623,0.0
5.62,0.21958910614339133,-1.116166132122978,-2.733891533590278,0.8958179361382435,0.5088268226096834,0.18404169069028997,0.0
5.64,0.2368867578451534,-1.1059041952885746,-2.7307925623489187,0.9265320482048813,0.5045873412062193,0.21292675526985372,0.0
5.66,0.25533098732997195,-1.0958005210527555,-2.7266152928569958,0.9577732753686007,0.4953027578523617,0.2363827192544605,0.0
5.68,0.27393799570810834,-1.0857193152539082,-2.7222849380720486,0.9890893367157663,0.485301924694696,0.25906791740039126,0.0
5.7,0.29353846755612306,-1.0759553735675662,-2.717234923320445,1.0183110039096652,0.468801085371485,0.27855930635735837,0.0
5.72,0.3134804939843888,-1.06630050787049,-2.7119374881399194,1.0468126145160872,0.4500655318943852,0.29695265780210894,0.0
5.74,0.33416689372250574,-1.05713495648432,-2.7061596758998925,1.0668889050979469,0.42206996626352244,0.30469911989145515,0.0
5.76,0.3553239568757135,-1.048278796020121,-2.70007812371599,1.0816379091643877,0.38821934257723734,0.30571360860426033,0.0
5.78,0.3767835221535984,-1.0401169119654061,-2.6939757643650606,1.0795335436488243,0.3630813510905525,0.2849196326758472,0.0
5.8,0.39856934211092127,-1.0327038191056657,-2.6878509640623016,1.0592524770726313,0.34734011021642736,0.24060478512316347,0.0
5.82,0.4200529108763259,-1.0255253198654775,-2.6823865933006714,1.038646898071723,0.3337957094327539,0.19430339368972657,0.0
5.84,0.44097413966891263,-1.0187832833197936,-2.678150955262468,1.0174375619543135,0.32433854148645624,0.14430602665133974,0.0
5.86,0.4616982014083261,-1.0121291628656373,-2.6743801046872404,0.9960547363505411,0.31520673025124185,0.0944479305016916,0.0
5.88,0.4817152664801273,-1.005790289724554,-2.6722758773240654,0.9740498165035941,0.3072415749396115,0.045089228407238925,0.0
5.9,0.5016511475589541,-0.9994808028805973,-2.6703537518068394,0.9531367149624599,0.30212488531570514,2.118212320904019e-06,0.0
5.92,0.5207301328108935,-0.9934814879615785,-2.6703537085393765,0.9437477392456756,0.3270737082563711,1.5963795956583706e-06,0.0
5.94,0.5398091180628339,-0.9874821730425597,-2.6703536652719135,0.9343587635288908,0.3520225311970382,1.0745468704126993e-06,0.0
5.96,0.5588881033147735,-0.981482858123541,-2.6703536220044506,0.9249697878121065,0.37697135413770416,5.52714145167051e-07,0.0
5.98,0.5779670885667137,-0.975483543204522,-2.670353578736987,0.9155808120953217,0.40192017707837124,3.0881419921379605e-08,0.0
6.0,0.5963136620622782,-0.9675380297031814,-2.670353576176459,0.9150251475474918,0.4033967019671169,-2.0045105713339794e-13,0.0
6.0200000000000005,0.6146141656709425,-0.9594700971557312,-2.670353576176463,0.9150251125932246,0.4033967812538543,-2.0037083162415802e-13,0.0
6.04,0.632914669279606,-0.9514021646082813,-2.670353576176467,0.9150250776389574,0.4033968605405917,-2.002906061149181e-13,0.0
6.0600000000000005,0.6512151728882704,-0.9433342320608311,-2.670353576176471,0.9150250426846902,0.4033969398273291,-2.0021038060567818e-13,0.0
6.08,0.6695156741925674,-0.9352662942863886,-2.670353576176475,0.9150250356433539,0.4033969557991868,-2.001552955348354e-13,0.0
6.1000000000000005,0.6878161749030183,-0.9271983551649231,-2.670353576176479,0.915025035795322,0.4033969554544776,-2.0010668928294242e-13,0.0
6.12,0.7061166756134684,-0.919130416043458,-2.670353576176483,0.9150250359472902,0.4033969551097685,-2.0005808303104942e-13,0.0
6.140000000000001,0.7244171763239192,-0.9110624769219926,-2.670353576176487,0.9150250360992583,0.4033969547650593,-2.0000947677915642e-13,0.0
6.16,0.7427176770425518,-0.9029945378190875,-2.670353576176491,0.9150250362419979,0.4033969544412832,-1.9996043660826703e-13,0.0
6.18,0.7610181777656023,-0.8949265987262036,-2.670353576176495,0.9150250363797547,0.4033969541288096,-1.9991116214829874e-13,0.0
6.2,0.7793186784886538,-0.8868586596333194,-2.670353576176499,0.9150250365175117,0.40339695381633595,-1.9986188768833045e-13,0.0
6.22,0.7976191792117043,-0.8787907205404356,-2.670353576176503,0.9150250366552685,0.40339695350386234,-1.998126132283622e-13,0.0
6.24,0.8159196799405084,-0.8707227814606004,-2.6703535761765065,0.9150250368046523,0.4033969531650151,-1.997684382265866e-13,0.0
6.26,0.8342201806749809,-0.8626548423936253,-2.6703535761765105,0.9150250369654945,0.403396952800177,-1.9972928866653445e-13,0.0
6.28,0.8525206814094541,-0.8545869033266498,-2.6703535761765145,0.9150250371263366,0.4033969524353389,-1.9969013910648227e-13,0.0
6.3,0.8708211821439266,-0.8465189642596745,-2.6703535761765185,0.9150250372871789,0.40339695207050086,-1.9965098954643012e-13,0.0
6.32,0.8891216828831733,-0.8384510252035267,-2.6703535761765225,0.9150250374573584,0.40339695168448286,-1.9958001162609537e-13,0.0
6.34,0.9074221836309818,-0.8303830861668019,-2.6703535761765265,0.9150250376442874,0.4033969512604719,-1.9945193945917956e-13,0.0
6.36,0.9257226843787912,-0.8223151471300767,-2.6703535761765305,0.9150250378312165,0.40339695083646104,-1.9932386729226375e-13,0.0
6.38,0.9440231851265998,-0.8142472080933518,-2.6703535761765345,0.9150250380181455,0.4033969504124501,-1.9919579512534796e-13,0.0
6.4,0.9623236858776982,-0.8061792690640873,-2.6703535761765385,0.9150250382122578,0.40339694997214537,-1.990979522588853e-13,0.0
6.42,0.9806241866410059,-0.7981113300625191,-2.6703535761765425,0.9150250384330365,0.4033969494713532,-1.991123290938773e-13,0.0
6.44,0.9989246874043144,-0.7900433910609506,-2.6703535761765465,0.9150250386538152,0.40339694897056105,-1.9912670592886931e-13,0.0
6.46,1.017225188167622,-0.7819754520593823,-2.6703535761765504,0.915025038874594,0.4033969484697689,-1.991410827638613e-13,0.0
6.48,1.0355256889321476,-0.7739075130605746,-2.6703535761765544,0.9150250390983805,0.40339694796215425,-1.9915032636269282e-13,0.0
6.5,1.0538261897137613,-0.7658395741005293,-2.6703535761765584,0.9150250393643962,0.4033969473587511,-1.9908749948316798e-13,0.0
6.5200000000000005,1.072126690495376,-0.7577716351404835,-2.670353576176562,0.9150250396304119,0.40339694675534793,-1.9902467260364312e-13,0.0
6.54,1.0904271912769894,-0.7497036961804381,-2.670353576176566,0.9150250398964276,0.4033969461519448,-1.9896184572411828e-13,0.0
6.5600000000000005,1.108727692058604,-0.7416357572203923,-2.67035357617657,0.9150250401624433,0.40339694554854166,-1.9889901884459344e-13,0.0
6.58,1.1270281928605264,-0.7335678183064138,-2.670353576176574,0.8985035709666847,0.3961133063239951,-1.372499607513085e-07,0.0
6.6000000000000005,1.145328693664197,-0.7254998793963989,-2.670353576176578,0.8805604231986898,0.38820290729581547,-2.8631011549938185e-07,0.0
6.62,1.1636291944678672,-0.7174319404863845,-2.670353576176582,0.8626172754306957,0.38029250826763616,-4.3537027024744854e-07,0.0
6.640000000000001,1.181929695271538,-0.7093640015763697,-2.670353576176586,0.8446741276627008,0.3723821092394565,-5.844304249955218e-07,0.0
6.66,1.1990771249051098,-0.7018044045237207,-2.670353585755565,0.814444771780195,0.3590552278024069,-5.987123527339349e-07,0.0
6.68,1.2158898796988502,-0.6943923519020707,-2.670353598114808,0.7806493873302489,0.3441562314520297,-5.738753754932176e-07,0.0
6.7,1.232702634492591,-0.6869802992804205,-2.670353610474051,0.7468540028803013,0.3292572351016519,-5.490383982524994e-07,0.0
6.72,1.2495153892863315,-0.6795682466587706,-2.670353622833294,0.7130586184303552,0.3143582387512747,-5.242014210117821e-07,0.0
6.74,1.2645646998693179,-0.6729336241296537,-2.6703536338965423,0.679263230828373,0.2994592410651573,-4.993680124689459e-07,0.0
6.76,1.2785753293604325,-0.6667569134144986,-2.670353644196441,0.6454678413698217,0.2845602425922805,-4.7453670591436203e-07,0.0
6.78,1.2925859588515476,-0.6605802026993431,-2.67035365449634,0.611672451911269,0.26966124411940307,-4.497053993597771e-07,0.0
6.8,1.3065965883426622,-0.6544034919841879,-2.670353664796239,0.5778770624527176,0.25476224564652633,-4.248740928051932e-07,0.0
6.82,1.319252104420305,-0.64882419508794,-2.6703536741004625,0.5440816721741343,0.23986324686017182,-4.0004294038527526e-07,0.0
6.84,1.330460608193508,-0.6438828264552654,-2.6703536823414877,0.5102862810199101,0.22496424773908208,-3.7521195255288114e-07,0.0
6.86,1.3416691119667117,-0.6389414578225906,-2.6703536905825125,0.47649088986568455,0.21006524861799164,-3.5038096472048585e-07,0.0
6.88,1.352877615739915,-0.6340000891899161,-2.6703536988235377,0.44269549871146047,0.1951662494969019,-3.255499768880917e-07,0.0
6.9,1.363139337110773,-0.6294761180099305,-2.6703537063689193,0.4089001072627104,0.1802672502845786,-3.0071684538398174e-07,0.0
6.92,1.371545715025469,-0.6257700915134828,-2.6703537125510968,0.375104715236803,0.16536825089347332,-2.7587951307588853e-07,0.0
6.94,1.3799520929401656,-0.6220640650170348,-2.6703537187332747,0.341309323210894,0.15046925150236737,-2.510421807677942e-07,0.0
6.96,1.388358470854862,-0.618358038520587,-2.670353724915452,0.30751393118498654,0.13557025211126206,-2.2620484845970102e-07,0.0
6.98,1.3962263974324436,-0.6148893930889204,-2.6703537307019043,0.2737185390542624,0.12067125269881163,-2.0136485525012217e-07,0.0
7.0,1.4018306494163575,-0.6124187087510877,-2.6703537348247086,0.23992314648289195,0.10577225319662864,-1.7651367548630695e-07,0.0
7.0200000000000005,1.4074349014002714,-0.6099480244132549,-2.670353738947513,0.20612775391152,0.090873253694445,-1.5166249572249064e-07,0.0
7.04,1.4130391533841853,-0.6074773400754222,-2.6703537430703173,0.1723323613401495,0.07597425419226202,-1.2681131595867542e-07,0.0
7.0600000000000005,1.4185132851185356,-0.605064020407326,-2.6703537470974386,0.1385369687509143,0.0610752546888559,-1.0195914992304807e-07,0.0
7.08,1.4213154111264403,-0.6038286782373181,-2.6703537491597213,0.10474157579486112,0.04617625516034706,-7.708673089885305e-08,0.0
7.1000000000000005,1.4241175371343453,-0.6025933360673104,-2.6703537512220037,0.07094618283880644,0.03127725563183757,-5.221431187465694e-08,0.0
7.12,1.42691966314225,-0.6013579938973026,-2.6703537532842865,0.03715078988275325,0.016378256103328742,-2.734189285046192e-08,0.0
7.140000000000001,1.429721789150155,-0.6001226517272947,-2.6703537553465693,0.0033553969266985617,0.001479256574819246,-2.469473826265806e-09,0.0
7.16,1.43,-0.6,-2.670353755551324,-0.03225501915127504,-0.008142274278268288,-4.1965702758899146e-11,0.0
7.18,1.43,-0.6,-2.670353755551324,-0.0680655049992744,-0.017182070424256,-8.855727964503004e-11,0.0
7.2,1.43,-0.6,-2.670353755551324,-0.10387599084727536,-0.02622186657024411,-1.3514885653116302e-10,0.0
7.22,1.43,-0.6,-2.670353755551324,-0.13968647669527473,-0.035261662716231816,-1.817404334172939e-10,0.0
7.24,1.43,-0.6,-2.670353755551324,-0.17549696254327568,-0.04430145886221993,-2.2833201030342687e-10,0.0
7.26,1.428494560290233,-0.6003800246705429,-2.670353755553283,-0.2113282496099706,-0.05325777713117969,-2.8160163879763715e-10,0.0
7.28,1.4245411398534813,-0.601378003725597,-2.6703537555584265,-0.24719336133409714,-0.06207835284414889,-3.4573038142596626e-10,0.0
7.3,1.4205877194167296,-0.6023759827806512,-2.67035375556357,-0.2830584730582221,-0.0708989285571177,-4.0985912405429247e-10,0.0
7.32,1.4166342989799778,-0.6033739618357054,-2.670353755568714,-0.31892358478234867,-0.07971950427008691,-4.739878666826215e-10,0.0
7.34,1.412680878543226,-0.6043719408907595,-2.6703537555738572,-0.3547886965064736,-0.08854007998305571,-5.381166093109478e-10,0.0
7.36,1.4087274581064744,-0.6053699199458137,-2.670353755579001,-0.3906538082306002,-0.09736065569602492,-6.022453519392768e-10,0.0
7.38,1.4013654488105907,-0.6072061988042429,-2.6703537555902392,-0.42658325087833576,-0.10591470604801534,-6.713974742030022e-10,0.0
7.4,1.393452577327618,-0.6091779553287116,-2.670353755602463,-0.46252309004930947,-0.11442568322534917,-7.413614250582368e-10,0.0
7.42,1.3855397058446457,-0.6111497118531801,-2.6703537556146864,-0.49846292922028157,-0.12293666040268263,-8.113253759134683e-10,0.0
7.44,1.377626834361673,-0.6131214683776487,-2.6703537556269095,-0.5344027683912552,-0.13144763758001646,-8.81289326768703e-10,0.0
7.46,1.3697139628787007,-0.6150932249021173,-2.670353755639133,-0.5703426075622273,-0.13995861475734991,-9.512532776239346e-10,0.0
7.48,1.3604482880558808,-0.6173853411893575,-2.67035375565399,-0.606319309800379,-0.14830926403402375,-1.0196612587475276e-09,0.0
7.5,1.3485677157359195,-0.6202966959994348,-2.670353755673937,-0.6423672664029005,-0.15635000793582932,-1.0850616324554246e-09,0.0
7.5200000000000005,1.3366871434159575,-0.6232080508095122,-2.6703537556938843,-0.6784152230054237,-0.16439075183763524,-1.1504620061633246e-09,0.0
7.54,1.324806571095996,-0.6261194056195896,-2.6703537557138315,-0.7144631796079453,-0.17243149573944083,-1.2158623798712217e-09,0.0
7.5600000000000005,1.312925998776034,-0.629030760429667,-2.6703537557337786,-0.7505111362104685,-0.18047223964124676,-1.2812627535791214e-09,0.0
7.58,1.3010454264560727,-0.6319421152397443,-2.670353755753726,-0.7865590928129901,-0.18851298354305232,-1.3466631272870185e-09,0.0
7.6000000000000005,1.2858974376567163,-0.6355822897002957,-2.670353755779601,-0.8227457876410188,-0.19589768366931098,-1.4007403324728141e-09,0.0
7.62,1.2700372285080215,-0.6393813297934774,-2.6703537558067687,-0.8589627241563422,-0.2031393816010377,-1.4523493518331088e-09,0.0
7.640000000000001,1.2541770193593258,-0.6431803698866592,-2.670353755833936,-0.8951796606716671,-0.21038107953276475,-1.5039583711934055e-09,0.0
7.66,1.2383168102106308,-0.6469794099798408,-2.6703537558611035,-0.9313965971869905,-0.21762277746449146,-1.5555673905537002e-09,0.0
7.68,1.222456601061936,-0.6507784500730224,-2.6703537558882706,-0.9676135337023138,-0.22486447539621818,-1.6071764099139949e-09,0.0
7.7,1.2053924514368477,-0.6548182221026043,-2.6703537559171537,-1.003918306142837,-0.231608276626492,-1.6510525603883907e-09,0.0
7.72,1.1855339503469609,-0.6594167340801271,-2.6703537559500186,-1.0404269461756954,-0.23719645728888375,-1.6769806860873682e-09,0.0
7.74,1.1656754492570731,-0.66401524605765,-2.6703537559828834,-1.0769355862085555,-0.24278463795127575,-1.702908811786347e-09,0.0
7.76,1.1458169481671863,-0.6686137580351729,-2.670353756015748,-1.113444226241414,-0.2483728186136675,-1.7288369374853244e-09,0.0
7.78,1.1259584470772985,-0.6732122700126958,-2.670353756048613,-1.149952866274274,-0.25396099927605953,-1.7547650631843032e-09,0.0
7.8,1.1060999459874117,-0.6778107819902186,-2.670353756081478,-1.1864615063071324,-0.2595491799384513,-1.7806931888832809e-09,0.0
7.82,1.0830928477144643,-0.6828912327602081,-2.670353756116579,-1.2233016593501729,-0.26096509357256564,-1.7584666127482418e-09,0.0
7.84,1.0592038510809942,-0.6881066709567365,-2.670353756152306,-1.2602346666909106,-0.2612123866312369,-1.7227522672575623e-09,0.0
7.86,1.0353148544475232,-0.6933221091532652,-2.6703537561880335,-1.2971676740316498,-0.2614596796899082,-1.6870379217668812e-09,0.0
7.88,1.0114258578140531,-0.6985375473497936,-2.670353756223761,-1.3341006813723875,-0.2617069727485794,-1.6513235762762017e-09,0.0
7.9,0.9875368611805821,-0.7037529855463222,-2.6703537562594883,-1.3710336887131267,-0.2619542658072507,-1.6156092307855205e-09,0.0
7.92,0.9625825626242616,-0.7089755567057441,-2.6703537562941855,-1.3964125147111066,-0.2526769410276853,-1.5163981888123687e-09,0.0
7.94,0.9346162209742686,-0.7142182956609433,-2.67035375632597,-1.3891229568734893,-0.2164696363389907,-1.2376560843219982e-09,0.0
7.96,0.9066498793242768,-0.7194610346161423,-2.6703537563577546,-1.3818333990358722,-0.18026233165029765,-9.5891397983164e-10,0.0
7.98,0.8786835376742838,-0.7247037735713416,-2.670353756389539,-1.374543841198255,-0.144055026961603,-6.801718753412696e-10,0.0
8.0,0.8507171960242921,-0.7299465125265406,-2.6703537564213238,-1.3672542833606378,-0.10784772227290998,-4.0142977085091153e-10,0.0
8.02,0.8227508543743003,-0.7351892514817397,-2.670353756453108,-1.359964725523021,-0.07164041758421694,-1.2268766636055345e-10,0.0
8.040000000000001,0.7953811208985487,-0.7374686318319633,-2.670353756462079,-1.3340325661622463,-0.049180682666690505,4.0804972561218275e-11,0.0
8.06,0.7682195347900607,-0.7387141421842456,-2.6703537564630913,-1.30159629138122,-0.0315172622779413,1.6408885492881458e-10,0.0
8.08,0.7410579486815727,-0.7399596525365277,-2.670353756464103,-1.2691600166001937,-0.013853841889192087,2.8737273729641095e-10,0.0
8.1,0.7138963625730846,-0.7412051628888099,-2.670353756465115,-1.2367237418191674,0.003809578499557126,4.1065661966400724e-10,0.0
8.120000000000001,0.6867347764645941,-0.7424506732410923,-2.6703537564661266,-1.2042874670381383,0.021472998888307906,5.339405020316145e-10,0.0
8.14,0.6603661232329529,-0.7432643859582156,-2.6703537564641247,-1.1714969312575005,0.038400618492782,6.471793524416171e-10,0.0
8.16,0.6367854500491229,-0.7425598829137453,-2.6703537564515263,-1.137460801268987,0.052741136508177355,7.250995151100197e-10,0.0
8.18,0.613204776865293,-0.741855379869275,-2.670353756438928,-1.1034246712804738,0.06708165452357272,8.030196777784222e-10,0.0
8.2,0.589624103681463,-0.7411508768248046,-2.670353756426329,-1.0693885412919604,0.08142217253896808,8.809398404468247e-10,0.0
8.22,0.566043430497631,-0.7404463737803342,-2.6703537564137307,-1.035352411303444,0.0957626905543647,9.588600031152343e-10,0.0
8.24,0.5424627573138011,-0.7397418707358638,-2.6703537564011324,-1.0013162813149306,0.11010320856976008,1.0367801657836368e-09,0.0
8.26,0.5215180434592335,-0.737926753110303,-2.6703537563824993,-0.9669267887890873,0.12356003105021358,1.0992621509510681e-09,0.0
8.28,0.5016949046594854,-0.7356390797833542,-2.6703537563612985,-0.9323869439407414,0.1366408496761905,1.155175341757848e-09,0.0
8.3,0.4818717658597356,-0.7333514064564052,-2.6703537563400976,-0.8978470990923924,0.14972166830216857,1.2110885325646326e-09,0.0
8.32,0.46204862705998756,-0.7310637331294564,-2.670353756318897,-0.8633072542440465,0.16280248692814547,1.2670017233714125e-09,0.0
8.34,0.4422254882602395,-0.7287760598025076,-2.670353756297696,-0.8287674093957006,0.17588330555412238,1.3229149141781921e-09,0.0
8.36,0.4230947892663006,-0.726226147905902,-2.6703537562753743,-0.7941834943352226,0.18884432769250226,1.3761602286004116e-09,0.0
8.38,0.4070847941665635,-0.7224943730969209,-2.6703537562480006,-0.7594009626130983,0.20126544822179096,1.417381895403444e-09,0.0
8.4,0.39107479906682785,-0.7187625982879402,-2.6703537562206274,-0.7246184308909771,0.21368656875107855,1.458603562206473e-09,0.0
8.42,0.37506480396709213,-0.7150308234789595,-2.6703537561932538,-0.6898358991688558,0.22610768928036615,1.4998252290095017e-09,0.0
8.44,0.35905480886735647,-0.7112990486699787,-2.6703537561658806,-0.6550533674467345,0.23852880980965374,1.5410468958125305e-09,0.0
8.46,0.34304481376761936,-0.7075672738609977,-2.670353756138507,-0.6202708357246102,0.2509499303389424,1.582268562615563e-09,0.0
8.48,0.3295755996881252,-0.7029281658094837,-2.6703537561081223,-0.5853942519489601,0.2631027631601163,1.6160616662641933e-09,0.0
8.5,0.31740554053161746,-0.6978251191345953,-2.670353756076198,-0.5504695773746989,0.2751184148177047,1.6460563888969603e-09,0.0
8.52,0.30523548137510975,-0.6927220724597071,-2.670353756044274,-0.5155449028004379,0.28713406647529305,1.676051111529727e-09,0.0
8.540000000000001,0.29306542221860094,-0.6876190257848183,-2.670353756012349,-0.4806202282261737,0.2991497181328825,1.7060458341624965e-09,0.0
8.56,0.28089536306209323,-0.68251597910993,-2.670353755980425,-0.44569555365191255,0.3111653697904709,1.7360405567952632e-09,0.0
8.58,0.26927184934698,-0.67722489633395,-2.6703537559480313,-0.41075766969767946,0.32314213201346403,1.7647389372971558e-09,0.0
8.6,0.26095741847752896,-0.6707953409089257,-2.6703537559127954,-0.37573980898514514,0.3348834364846404,1.7855885586978105e-09,0.0
8.620000000000001,0.25264298760807713,-0.6643657854839007,-2.6703537558775596,-0.3407219482726077,0.34662474095581786,1.8064381800984671e-09,0.0
8.64,0.24432855673862608,-0.6579362300588762,-2.6703537558423243,-0.30570408756007333,0.35836604542699424,1.8272878014991219e-09,0.0
8.66,0.23601412586917503,-0.6515066746338519,-2.6703537558070884,-0.270686226847539,0.3701073498981706,1.8481374228997766e-09,0.0
8.68,0.22769969499972398,-0.6450771192088275,-2.6703537557718526,-0.2356683661350047,0.381848654369347,1.868987044300431e-09,0.0
8.700000000000001,0.2217892162478697,-0.6378415312857425,-2.670353755735186,-0.20060962142141353,0.3934668727278464,1.8850651492898415e-09,0.0
8.72,0.2173407012662923,-0.6301157546017411,-2.6703537556976484,-0.16552601309765333,0.4050102362520732,1.8982414559982207e-09,0.0
8.74,0.21289218628471487,-0.6223899779177398,-2.670353755660111,-0.13044240477389316,0.4165535997763,1.9114177627066e-09,0.0
8.76,0.20844367130313746,-0.6146642012337383,-2.6703537556225734,-0.09535879645013298,0.4280969633005268,1.9245940694149794e-09,0.0
8.78,0.20399515632156004,-0.6069384245497369,-2.670353755585036,-0.06027518812637278,0.4396403268247536,1.9377703761233586e-09,0.0
8.8,0.19994136567531867,-0.5990827739242462,-2.6703537555473504,-0.025184673956388334,0.4511624900816186,1.9504852578188603e-09,0.0
8.82,0.19936602501287415,-0.5900826283456356,-2.6703537555083585,0.009966696964813008,0.4624978291093605,1.959133899647992e-09,0.0
8.84,0.19879068435042963,-0.581082482767025,-2.670353755469366,0.04511806788601436,0.4738331681371024,1.967782541477124e-09,0.0
8.86,0.1982153436879851,-0.5720823371884144,-2.6703537554303742,0.08026943880721571,0.48516850716484433,1.9764311833062556e-09,0.0
8.88,0.19764000302554052,-0.563082191609803,-2.670353755391382,0.11542080972842016,0.4965038461925873,1.9850798251353882e-09,0.0
8.9,0.19763594558256153,-0.5538978230889913,-2.6703537553522496,0.15058689394844638,0.5077929269940303,1.992620451447389e-09,0.0
8.92,0.20053168224661808,-0.5437783516560463,-2.6703537553124033,0.1858276618556066,0.5188472042384062,1.99453686763453e-09,0.0
8.94,0.20342741891067465,-0.5336588802231013,-2.6703537552725574,0.2210684297627668,0.5299014814827822,1.9964532838216714e-09,0.0
8.96,0.20632315557473144,-0.5235394087901554,-2.670353755232711,0.2563091976699301,0.540955758727159,1.998369700008813e-09,0.0
8.98,0.20921889223878798,-0.5134199373572104,-2.670353755192865,0.29154996557709034,0.5520100359715349,2.0002861161959544e-09,0.0
9.0,0.21290545578926992,-0.5030524003974901,-2.670353755152976,0.3268187273995201,0.5629732630064734,1.9999677294208364e-09,0.0
9.02,0.21928109742560303,-0.4918413569974142,-2.6703537551129406,0.36218267797359804,0.5736268886265983,1.992050258983843e-09,0.0
9.040000000000001,0.22565673906193673,-0.4806303135973373,-2.6703537550729055,0.3975466285476791,0.5842805142467241,1.984132788546849e-09,0.0
9.06,0.2320323806982698,-0.4694192701972615,-2.67035375503287,0.432910579121757,0.594934139866849,1.9762153181098553e-09,0.0
9.08,0.23840802233460295,-0.4582082267971856,-2.670353754992835,0.46827452969583494,0.6055877654869739,1.9682978476728622e-09,0.0
9.1,0.24579610826707268,-0.44669217781042675,-2.6703537549530263,0.5036906649273314,0.6160625488731292,1.9561332690103357e-09,0.0
9.120000000000001,0.2556638187415855,-0.4344291254170746,-2.670353754913773,0.5392346080369992,0.6260993214035803,1.9335668995244235e-09,0.0
9.14,0.26553152921609746,-0.4221660730237236,-2.6703537548745193,0.5747785511466639,0.6361360939340304,1.9110005300385133e-09,0.0
9.16,0.2753992396906094,-0.4099030206303726,-2.670353754835266,0.6103224942563286,0.6461728664644806,1.8884341605526027e-09,0.0
9.18,0.2852669501651213,-0.3976399682370215,-2.6703537547960123,0.6458664373659933,0.6562096389949308,1.8658677910666926e-09,0.0
9.200000000000001,0.2963722249989019,-0.38502745681129824,-2.6703537547575444,0.6815109360685121,0.6658687227231546,1.8350684841938874e-09,0.0
9.22,0.3097497779571953,-0.37177330755177423,-2.6703537547205194,0.717340063774135,0.6748343362518294,1.7891527727602766e-09,0.0
9.24,0.32312733091548873,-0.35851915829225023,-2.670353754683494,0.7531691914797579,0.6837999497805044,1.7432370613266658e-09,0.0
9.26,0.33650488387378213,-0.3452650090327262,-2.670353754646469,0.7889983191853808,0.6927655633091794,1.697321349893055e-09,0.0
9.28,0.34988243683207554,-0.33201085977320227,-2.670353754609444,0.8248274468910037,0.7017311768378544,1.6514056384594441e-09,0.0
9.3,0.3647292155682259,-0.31838906241967796,-2.6703537545743012,0.860864035706452,0.709738644705476,1.5873666031776086e-09,0.0
9.32,0.38164477201110886,-0.3042495895718556,-2.6703537545418103,0.8971927449879843,0.7163969731737833,1.497808598031367e-09,0.0
9.34,0.3985603284539918,-0.29011011672403325,-2.670353754509319,0.9335214542695165,0.7230553016420906,1.4082505928851254e-09,0.0
9.36,0.41547588489687476,-0.2759706438762109,-2.6703537544768277,0.9698501635510487,0.7297136301103979,1.3186925877388839e-09,0.0
9.38,0.4323914413397592,-0.2618311710283873,-2.6703537544443368,1.0061788728325842,0.7363719585787057,1.2291345825926343e-09,0.0
9.4,0.45102153323943245,-0.2473774579978655,-2.6703537544160723,1.0427814050821749,0.7391110486013669,1.082612064829256e-09,0.0
9.42,0.47152442513420545,-0.23258049804860015,-2.6703537543924245,1.0796830362224925,0.7375691249461064,8.738667808187739e-10,0.0
9.44,0.4920273170289784,-0.21778353809933482,-2.670353754368777,1.1165846673628101,0.7360272012908458,6.65121496808292e-10,0.0
9.46,0.5125302089237532,-0.20298657815006818,-2.6703537543451294,1.1534862985031311,0.7344852776355851,4.563762127977915e-10,0.0
9.48,0.5330331008185262,-0.18818961820080285,-2.6703537543214817,1.190387929643449,0.7329433539803245,2.476309287873097e-10,0.0
9.5,0.5555059364352971,-0.17347497176263746,-2.670353754308978,1.200344267228615,0.7135337980175332,-4.5569607316435064e-11,0.0
9.52,0.579652737850675,-0.1588302714862867,-2.670353754305943,1.1874037578931997,0.6789411659846518,-4.1053625629850397e-10,0.0
9.540000000000001,0.603799539266055,-0.14418557120993464,-2.6703537543029086,1.174463248557783,0.6443485339517673,-7.755029052806053e-10,0.0
9.56,0.6279463406814328,-0.12954087093358388,-2.6703537542998736,1.1615227392223675,0.6097559019188858,-1.1404695542626744e-09,0.0
9.58,0.6520931420968108,-0.11489617065723312,-2.670353754296839,1.1485822298869521,0.5751632698860045,-1.5054362032447433e-09,0.0
9.6,0.6754690483557549,-0.10231223103498241,-2.6703537543155464,1.125016232675619,0.5489210290672629,-1.7162146086603424e-09,0.0
9.620000000000001,0.6983380188538649,-0.09108343453611056,-2.6703537543485507,1.0944629820930787,0.5281699524984091,-1.825599803971999e-09,0.0
9.64,0.7212069893519727,-0.07985463803723973,-2.670353754381555,1.063909731510541,0.5074188759295573,-1.934984999283646e-09,0.0
9.66,0.7440759598500806,-0.0686258415383689,-2.6703537544145597,1.0333564809280036,0.48666779936070526,-2.044370194595293e-09,0.0
9.68,0.7669449303481884,-0.05739704503949806,-2.670353754447564,1.002803230345466,0.4659167227918533,-2.1537553899069403e-09,0.0
9.700000000000001,0.787804693561347,-0.047532856672912766,-2.6703537544877616,0.970931042495043,0.44734190388084744,-2.2099692336002615e-09,0.0
9.72,0.8076566353470982,-0.03835315781919783,-2.6703537545315674,0.9383972737067419,0.4298586991181502,-2.2395122465204513e-09,0.0
9.74,0.8275085771328494,-0.029173458965482905,-2.6703537545753733,0.9058635049184407,0.41237549435545295,-2.2690552594406406e-09,0.0
9.76,0.8473605189186005,-0.01999376011176797,-2.670353754619179,0.8733297361301395,0.3948922895927557,-2.2985982723608304e-09,0.0
9.78,0.8672124607043518,-0.010814061258053044,-2.670353754662985,0.8407959673418384,0.37740908483005847,-2.3281412852810197e-09,0.0
9.8,0.884723616410632,-0.0028922689997701832,-2.6703537547089167,0.8077587960437339,0.3609106491032787,-2.32293953540456e-09,0.0
9.82,0.9013629601034144,0.004561023342448857,-2.6703537547556397,0.7745341354404298,0.3447789848143358,-2.304797302893726e-09,0.0
9.84,0.9180023037961967,0.012014315684667898,-2.6703537548023633,0.7413094748371257,0.32864732052539286,-2.286655070382892e-09,0.0
9.86,0.9346416474889792,0.01946760802688694,-2.6703537548490863,0.7080848142338216,0.31251565623644995,-2.2685128378720583e-09,0.0
9.88,0.951280991181763,0.02692090036910664,-2.6703537548958094,0.6748601536305145,0.29638399194750564,-2.250370605361223e-09,0.0
9.9,0.9653242256125887,0.03311369637183453,-2.670353754941115,0.6413612568175262,0.28083330828719666,-2.2009334219843162e-09,0.0
9.92,0.9786827480150904,0.03897404218921952,-2.670353754986047,0.6077900314496021,0.265435855629326,-2.143242337433906e-09,0.0
9.94,0.9920412704175922,0.04483438800660451,-2.6703537550309786,0.5742188060816779,0.25003840297145524,-2.085551252883496e-09,0.0
9.96,1.005399792820095,0.05069473382399002,-2.67035375507591,0.5406475807137507,0.2346409503135832,-2.0278601683330803e-09,0.0
9.98,1.0187583152225967,0.056555079641375,-2.670353755120842,0.5070763553458265,0.2192434976557125,-1.97016908378267e-09,0.0
10.0,1.0292858898184967,0.06111701039194798,-2.6703537551609084,0.4733280092082214,0.2042392957579642,-1.8805363651195434e-09,0.0
10.02,1.039329368848759,0.06545691056508157,-2.6703537552001433,0.43954937520060156,0.18930234022509587,-1.785441587637416e-09,0.0
10.040000000000001,1.0493728478790223,0.06979681073821555,-2.670353755239378,0.4057707411929786,0.1743653846922262,-1.6903468101552801e-09,0.0
10.06,1.0594163269092847,0.07413671091134913,-2.670353755278613,0.3719921071853588,0.15942842915935787,-1.5952520326731524e-09,0.0
10.08,1.069459805939547,0.07847661108448271,-2.670353755317848,0.33821347317773887,0.14449147362648954,-1.500157255191025e-09,0.0
10.1,1.0764458048674914,0.08146448961219835,-2.6703537553484753,0.30430851657264374,0.12984382422743945,-1.3709628876176496e-09,0.0
10.120000000000001,1.083153759633655,0.0843294166528953,-2.67035375537832,0.27039207231773144,0.11522248403688128,-1.238667537657875e-09,0.0
10.14,1.0898617143998177,0.08719434369359197,-2.6703537554081644,0.23647562806282219,0.1006011438463244,-1.106372187698112e-09,0.0
10.16,1.0965696691659805,0.09005927073428865,-2.6703537554380095,0.2025591838079129,0.08597980365576754,-9.74076837738349e-10,0.0
10.18,1.1032776239321433,0.09292419777498534,-2.670353755467854,0.16864273955300363,0.07135846346521067,-8.417814877785862e-10,0.0
10.200000000000001,1.1067057295939964,0.09437518563127402,-2.6703537554849053,0.13463019869950402,0.05696212375576671,-6.726212164144193e-10,0.0
10.22,1.1100645518067616,0.09579630547218126,-2.670353755501686,0.10061562790390215,0.04257053695076633,-5.026822113878305e-10,0.0
10.24,1.113423374019527,0.0972174253130885,-2.670353755518467,0.06660105710830029,0.028178950145765956,-3.3274320636124165e-10,0.0
10.26,1.1167821962322921,0.09863854515399573,-2.6703537555352477,0.03258648631269845,0.01378736334076558,-1.628042013346529e-10,0.0
10.28,1.12,0.1,-2.670353755551324,0.00043599523121624754,-0.0011242407868878067,0.001431828223969049,0.0
10.3,1.12,0.1,-2.670353755551324,0.010820668432482581,-0.0279017657125531,0.035535568635967074,0.0
10.32,1.12,0.1,-2.670353755551324,0.02120534163374799,-0.05467929063821601,0.06963930904796208,0.0
10.34,1.12,0.1,-2.670353755551324,0.031590014835013405,-0.08145681556387893,0.10374304945995708,0.0
10.36,1.12,0.1,-2.670353755551324,0.041974688036278816,-0.10823434048954185,0.13784678987195206,0.0
10.38,1.12,0.09999999999999999,-2.670353755551324,0.05235936123754515,-0.13501186541520713,0.1719505302839501,0.0
10.4,1.12,0.09999999999999999,-2.670353755551324,0.06274403443881056,-0.16178939034087006,0.2060542706959451,0.0
10.42,1.12,0.09999999999999999,-2.670353755551324,0.07312870764007598,-0.18856691526653296,0.2401580111079401,0.0
10.44,1.12,0.09999999999999999,-2.670353755551324,0.08351338084134138,-0.21534444019219587,0.2742617515199351,0.0
10.46,1.12,0.09999999999999999,-2.670353755551324,0.09389805404260772,-0.24212196511786116,0.30836549193193313,0.0
10.48,1.121018601737354,0.09737347214662526,-2.6670086209899697,0.10426625201237771,-0.26880583124620566,0.342692244371345,0.0
10.5,1.1229973412903236,0.09227116929374543,-2.6605103500526424,0.11461892036718663,-0.2954014142411401,0.37722920878370736,0.0
10.52,1.1249760808432934,0.08716886644086559,-2.6540120791153146,0.12497158872199554,-0.32199699723607444,0.41176617319606973,0.0
10.540000000000001,1.1269548203962632,0.0820665635879853,-2.6475138081779868,0.1353242570768054,-0.34859258023101125,0.4463031376084352,0.0
10.56,1.128933559949233,0.07696426073510546,-2.6410155372406594,0.1456769254316143,-0.3751881632259456,0.48084010202079763,0.0
10.58,1.1309122995022025,0.07186195788222562,-2.634517266303332,0.15602959378642323,-0.40178374622088,0.51537706643316,0.0
10.6,1.1328910390551723,0.06675965502934578,-2.6280189953660043,0.16638226214123214,-0.42837932921581445,0.5499140308455224,0.0
10.620000000000001,1.134869778608142,0.061657352176465494,-2.6215207244286765,0.17673493049604197,-0.45497491221075115,0.5844509952578878,0.0
10.64,1.1368485181611119,0.056555049323585654,-2.615022453491349,0.18708759885085088,-0.4815704952056856,0.6189879596702502,0.0
10.66,1.1388272577140814,0.051452746470705815,-2.6085241825540217,0.1974402672056598,-0.50816607820062,0.6535249240826126,0.0
10.68,1.142754101881472,0.04134584227448492,-2.595526947539616,0.2082784712353177,-0.5345992199269803,0.6878446541923484,0.0
10.700000000000001,1.1467054826486058,0.03117590455371518,-2.5824478573316414,0.21912279064216245,-0.5610303156870435,0.7221616482112764,0.0
10.72,1.1506568634157393,0.021005966832946334,-2.569368767123668,0.22996711004900625,-0.5874614114471045,0.7564786422302013,0.0
10.74,1.1546082441828727,0.010836029112177493,-2.5562896769156946,0.24081142945585005,-0.6138925072071655,0.7907956362491263,0.0
10.76,1.1585596249500063,0.0006660913914086561,-2.5432105867077213,0.2516557488626938,-0.6403236029672263,0.8251126302680513,0.0
10.78,1.1625110057171397,-0.009503846329360188,-2.530131496499748,0.26250006826953765,-0.6667546987272873,0.8594296242869762,0.0
10.8,1.1664623864842736,-0.019673784050129935,-2.5170524062917736,0.27334438767638236,-0.6931857944873506,0.8937466183059042,0.0
10.82,1.170413767251407,-0.029843721770898772,-2.5039733160838002,0.2841887070832262,-0.7196168902474115,0.9280636123248291,0.0
10.84,1.1743651480185404,-0.04001365949166761,-2.490894225875827,0.29503302649006996,-0.7460479860074725,0.9623806063437541,0.0
10.86,1.1792677605036717,-0.05250205498605577,-2.474804950154824,0.3063213751972035,-0.7725659064149514,0.995878376186811,0.0
10.88,1.1852854637558257,-0.06770828548129582,-2.455186954765317,0.3181302416327445,-0.7991856078720487,1.0284158024066001,0.0
10.9,1.1913031670079792,-0.08291451597653453,-2.435568959375811,0.32993910806828447,-0.8258053093291436,1.0609532286263865,0.0
10.92,1.1973208702601328,-0.09812074647177324,-2.4159509639863055,0.34174797450382444,-0.8524250107862386,1.093490654846173,0.0
10.94,1.2033385735122861,-0.11332697696701194,-2.3963329685968,0.3535568409393644,-0.8790447122433335,1.126028081065959,0.0
10.96,1.2093562767644401,-0.128533207462252,-2.3767149732072923,0.3653657073749054,-0.9056644137004307,1.1585655072857484,0.0
10.98,1.2153739800165937,-0.1437394379574907,-2.3570969778177866,0.3771745738104454,-0.9322841151575256,1.1911029335055348,0.0
11.0,1.221391683268747,-0.1589456684527294,-2.337478982428281,0.38898344024598536,-0.9589038166146207,1.2236403597253211,0.0
11.02,1.2274093865209006,-0.17415189894796812,-2.317860987038775,0.4007923066815253,-0.9855235180717155,1.2561777859451073,0.0
11.040000000000001,1.2334270897730546,-0.18935812944320818,-2.2982429916492677,0.41260117311706634,-1.012143219528813,1.2887152121648966,0.0
11.06,1.2415444588012456,-0.20929745404387143,-2.272839705974115,0.4249310353984819,-1.0404734657927497,1.3159514905387983,0.0
11.08,1.2498122734087465,-0.22957591504078623,-2.2470218917780747,0.4372982281554167,-1.0689262762796867,1.3428079302413352,0.0
11.1,1.2580800880162473,-0.24985437603770105,-2.2212040775820343,0.4496654209123514,-1.097379086766624,1.3696643699438718,0.0
11.120000000000001,1.2663479026237487,-0.27013283703461766,-2.1953862633859917,0.4620326136692872,-1.1258318972535637,1.396520809646411,0.0
11.14,1.2746157172312496,-0.2904112980315325,-2.1695684491899514,0.4743998064262219,-1.154284707740501,1.4233772493489476,0.0
11.16,1.2828835318387504,-0.3106897590284473,-2.143750634993911,0.48676699918315663,-1.1827375182274382,1.4502336890514844,0.0
11.18,1.2911513464462512,-0.33096822002536214,-2.1179328207978707,0.49913419194009134,-1.2111903287143755,1.477090128754021,0.0
11.200000000000001,1.2994191610537529,-0.35124668102227874,-2.092115006601828,0.5115013846970271,-1.2396431392013152,1.50394656845656,0.0
11.22,1.3076869756612537,-0.37152514201919357,-2.066297192405788,0.5238685774539619,-1.2680959496882525,1.5308030081590969,0.0
11.24,1.3169113564335284,-0.39400434463463513,-2.038402111199307,0.5320045464993114,-1.298539275720028,1.5429416119982955,0.0
11.26,1.3275356682550548,-0.41970432448077033,-2.007466957395037,0.5339481352699756,-1.3318957139000844,1.533540717409024,0.0
11.28,1.3381599800765809,-0.4454043043269055,-1.9765318035907673,0.5358917240406398,-1.3652521520801406,1.5241398228197527,0.0
11.3,1.3487842918981081,-0.47110428417304295,-1.9455966497864947,0.537835312811304,-1.3986085902602,1.5147389282304804,0.0
11.32,1.3594086037196345,-0.4968042640191781,-1.9146614959822248,0.5397789015819682,-1.4319650284402563,1.505338033641209,0.0
11.34,1.3700329155411608,-0.5225042438653132,-1.8837263421779549,0.5417224903526323,-1.4653214666203125,1.4959371390519376,0.0
11.36,1.3806572273626871,-0.5482042237114484,-1.852791188373685,0.5436660791232965,-1.4986779048003687,1.4865362444626662,0.0
11.38,1.3912815391842144,-0.5739042035575859,-1.8218560345694124,0.5456096678939608,-1.532034342980428,1.477135349873394,0.0
11.4,1.4019058510057407,-0.5996041834037211,-1.7909208807651424,0.547553256664625,-1.5653907811604844,1.4677344552841225,0.0
11.42,1.4125301628272668,-0.6253041632498563,-1.7599857269608727,0.5494968454352891,-1.5987472193405408,1.458333560694851,0.0
11.44,1.4234798978781742,-0.6565891516106718,-1.7306246044138756,0.5794631621056338,-1.5898086402282288,1.4583504773927358,0.0
11.46,1.4344745493243274,-0.6886450082662046,-1.701480736825025,0.6132973032228897,-1.5750323103283594,1.459667283268549,0.0
11.48,1.44546920077048,-0.7207008649217345,-1.6723368692361773,0.6471314443401427,-1.5602559804284915,1.4609840891443624,0.0
11.5,1.4564638522166322,-0.7527567215772644,-1.6431930016473295,0.6809655854573956,-1.5454796505286235,1.4623008950201757,0.0
11.52,1.4674585036627845,-0.7848125782327944,-1.614049134058482,0.7147997265746486,-1.5307033206287555,1.463617700895989,0.0
11.540000000000001,1.478453155108938,-0.816868434888327,-1.5849052664696315,0.7486338676919045,-1.5159269907288861,1.4649345067718023,0.0
11.56,1.4894478065550902,-0.8489242915438571,-1.5557613988807837,0.7824680088091576,-1.5011506608290182,1.4662513126476155,0.0
11.58,1.5004424580012425,-0.880980148199387,-1.526617531291936,0.8163021499264105,-1.4863743309291502,1.4675681185234288,0.0
11.6,1.511437109447395,-0.9130360048549169,-1.4974736637030883,0.8501362910436634,-1.4715980010292822,1.4688849243992421,0.0
11.620000000000001,1.5246978733996583,-0.9441021858492751,-1.4682416002811307,0.8826881395674872,-1.454548870229032,1.470323063112494,0.0
11.64,1.542139425193268,-0.9733424981102995,-1.438846822931373,0.9128742656175928,-1.4333066120599973,1.4719850507521126,0.0
11.66,1.5595809769868776,-1.002582810371324,-1.4094520455816153,0.9430603916676983,-1.412064353890963,1.473647038391731,0.0
11.68,1.5770225287804873,-1.0318231226323482,-1.3800572682318575,0.9732465177178038,-1.3908220957219286,1.4753090260313497,0.0
11.700000000000001,1.5944640805740986,-1.0610634348933752,-1.3506624908820972,1.003432643767912,-1.3695798375528923,1.4769710136709684,0.0
11.72,1.6119056323677083,-1.0903037471543997,-1.3212677135323394,1.0336187698180175,-1.348337579383858,1.4786330013105868,0.0
11.74,1.6293471841613179,-1.119544059415424,-1.2918729361825818,1.063804895868123,-1.3270953212148235,1.4802949889502055,0.0
11.76,1.6467887359549276,-1.1487843716764483,-1.262478158832824,1.0939910219182287,-1.3058530630457892,1.481956976589824,0.0
11.78,1.6642302877485373,-1.1780246839374726,-1.2330833814830664,1.1241771479683342,-1.2846108048767548,1.4836189642294424,0.0
11.8,1.6816718395421486,-1.2072649961984996,-1.2036886041333061,1.1543632740184424,-1.2633685467077185,1.4852809518690613,0.0
11.82,1.703854551725303,-1.2331689097163283,-1.1740327879887131,1.175122102953209,-1.2336924502590207,1.4804631125449208,0.0
11.84,1.7270478956464677,-1.2583616322632785,-1.14432132848485,1.1938713973256299,-1.2022185861883985,1.474264025119402,0.0
11.86,1.7502412395676323,-1.2835543548102286,-1.114609868980987,1.2126206916980506,-1.1707447221177765,1.4680649376938828,0.0
11.88,1.7734345834887992,-1.308747077357181,-1.0848984094771212,1.231369986070473,-1.1392708580471513,1.4618658502683632,0.0
11.9,1.796627927409964,-1.3339397999041311,-1.055186949973258,1.2501192804428938,-1.107796993976529,1.4556667628428444,0.0
11.92,1.8198212713311286,-1.3591325224510813,-1.025475490469395,1.2688685748153146,-1.076323129905907,1.4494676754173255,0.0
11.94,1.8430146152522933,-1.3843252449980314,-0.995764030965532,1.2876178691877354,-1.0448492658352848,1.4432685879918064,0.0
11.96,1.8662079591734602,-1.4095179675449838,-0.9660525714616662,1.3063671635601577,-1.0133754017646597,1.4370695005662868,0.0
11.98,1.8894013030946248,-1.4347106900919337,-0.9363411119578031,1.3251164579325785,-0.9819015376940375,1.430870413140768,0.0
12.0,1.913655990534905,-1.458121767901255,-0.9069805649273813,1.338954361963802,-0.9493664715022792,1.4218679260510365,0.0
12.02,1.9404219043045328,-1.4773173272718287,-0.8784503057601545,1.3411715112475004,-0.9143205135404583,1.4062323640692849,0.0
12.040000000000001,1.9671878180741629,-1.4965128866424042,-0.8499200465929251,1.343388660531199,-0.8792745555786342,1.3905968020875321,0.0
12.06,1.9939537318437905,-1.515708446012978,-0.8213897874256981,1.3456058098148973,-0.8442285976168132,1.3749612401057805,0.0
12.08,2.0207196456134184,-1.5349040053835514,-0.7928595282584713,1.3478229590985957,-0.8091826396549924,1.359325678124029,0.0
12.1,2.047485559383046,-1.5540995647541251,-0.7643292690912444,1.3500401083822942,-0.7741366816931714,1.3436901161422774,0.0
12.120000000000001,2.074251473152676,-1.5732951241247006,-0.7357990099240149,1.3522572576659928,-0.7390907237313473,1.3280545541605244,0.0
12.14,2.1010173869223037,-1.5924906834952743,-0.7072687507567881,1.3544744069496912,-0.7040447657695263,1.312418992178773,0.0
12.16,2.1277833006919313,-1.611686242865848,-0.6787384915895611,1.3566915562333897,-0.6689988078077054,1.2967834301970214,0.0
12.18,2.154549214461559,-1.6308818022364218,-0.6502082324223343,1.358908705517088,-0.6339528498458845,1.28114786821527,0.0
12.200000000000001,2.181640371268967,-1.6449363213021577,-0.6239716201979154,1.3449041030010427,-0.605976865195177,1.2555314294421087,0.0
12.22,2.208828750040378,-1.6574540756184215,-0.5984206271401343,1.3260504787185183,-0.580114243817271,1.226931497307224,0.0
12.24,2.2360171288117887,-1.669971829934685,-0.5728696340823534,1.3071968544359938,-0.554251622439365,1.1983315651723396,0.0
12.26,2.2632055075832,-1.6824895842509486,-0.5473186410245724,1.2883432301534692,-0.528389001061459,1.169731633037455,0.0
12.280000000000001,2.290393886354613,-1.6950073385672133,-0.5217676479667891,1.269489605870943,-0.5025263796835507,1.1411317009025677,0.0
12.3,2.317582265126024,-1.7075250928834769,-0.4962166549090081,1.2506359815884185,-0.4766637583056447,1.1125317687676832,0.0
12.32,2.3447706438974354,-1.7200428471997407,-0.47066566185122716,1.2317823573058941,-0.4508011369277387,1.0839318366327986,0.0
12.34,2.3719590226688463,-1.7325606015160042,-0.4451146687934462,1.2129287330233696,-0.42493851554983275,1.055331904497914,0.0
12.36,2.399147401440257,-1.7450783558322678,-0.41956367573566516,1.194075108740845,-0.39907589417192674,1.0267319723630293,0.0
12.38,2.4254640425394403,-1.7564002964938261,-0.3953350617542654,1.173199280803541,-0.375444529226082,0.9978650094586964,0.0
12.4,2.449059972000062,-1.7639900775487158,-0.3752336207267447,1.146012112661087,-0.3587769626070862,0.9681646378978078,0.0
12.42,2.472655901460683,-1.7715798586036053,-0.355132179699224,1.1188249445186327,-0.34210939598809037,0.9384642663369193,0.0
12.44,2.4962518309213046,-1.779169639658495,-0.3350307386717033,1.0916377763761786,-0.32544182936909455,0.9087638947760307,0.0
12.46,2.519847760381928,-1.7867594207133854,-0.3149292976441808,1.0644506082337222,-0.30877426275009723,0.8790635232151395,0.0
12.48,2.5434436898425496,-1.7943492017682752,-0.2948278566166601,1.0372634400912681,-0.2921066961311014,0.8493631516542508,0.0
12.5,2.567039619303171,-1.8019389828231647,-0.27472641558913935,1.010076271948814,-0.2754391295121056,0.8196627800933622,0.0
12.52,2.5906355487637924,-1.8095287638780544,-0.2546249745616187,0.98288910380636,-0.25877156289310976,0.7899624085324737,0.0
12.540000000000001,2.614231478224416,-1.8171185449329448,-0.23452353353409616,0.9557019356639035,-0.24210399627411247,0.7602620369715825,0.0
12.56,2.6378274076850374,-1.8247083259878345,-0.21442209250657546,0.9285147675214493,-0.22543642965511665,0.7305616654106939,0.0
12.58,2.657717066397299,-1.830025913253263,-0.1983695328393623,0.8987305495688325,-0.21285727342875058,0.7026809971923129,0.0
12.6,2.676132637853958,-1.8344397856703396,-0.1839273262245591,0.8679134124672239,-0.20190419205353202,0.675524075750218,0.0
12.620000000000001,2.6945482093106183,-1.8388536580874166,-0.16948511960975463,0.8370962753656126,-0.19095111067831247,0.6483671543081208,0.0
12.64,2.712963780767277,-1.8432675305044932,-0.15504291299495143,0.806279138264004,-0.1799980293030939,0.621210232866026,0.0
12.66,2.731379352223936,-1.8476814029215698,-0.14060070638014827,0.7754620011623954,-0.16904494792787533,0.594053311423931,0.0
12.68,2.7497949236805947,-1.8520952753386466,-0.12615849976534504,0.7446448640607869,-0.15809186655265675,0.5668963899818362,0.0
12.700000000000001,2.768210495137255,-1.8565091477557234,-0.11171629315054059,0.7138277269591755,-0.1471387851774372,0.539739468539739,0.0
12.72,2.7866260665939135,-1.8609230201728002,-0.09727408653573741,0.683010589857567,-0.13618570380221862,0.5125825470976442,0.0
12.74,2.8050416380505725,-1.8653368925898768,-0.08283187992093421,0.6521934527559584,-0.12523262242700006,0.48542562565554925,0.0
12.76,2.8223518862365564,-1.8693579090550942,-0.06936371502619304,0.6210593657154043,-0.11496674969171332,0.45866963769273256,0.0
12.780000000000001,2.8348954300510933,-1.8716847350216963,-0.06009610308113898,0.5885584327035513,-0.10766446282760707,0.43364267454920263,0.0
12.8,2.8474389738656294,-1.8740115609882984,-0.05082849113608576,0.5560574996917013,-0.10036217596350148,0.408615711405675,0.0
12.82,2.8599825176801654,-1.8763383869549002,-0.041560879191032525,0.5235565666798511,-0.09305988909939589,0.3835887482621473,0.0
12.84,2.8725260614947015,-1.8786652129215022,-0.03229326724597929,0.491055633668001,-0.0857576022352903,0.35856178511861964,0.0
12.86,2.8850696053092375,-1.880992038888104,-0.023025655300926068,0.4585547006561508,-0.0784553153711847,0.333534821975092,0.0
12.88,2.897613149123775,-1.8833188648547063,-0.013758043355872017,0.4260537676442978,-0.07115302850707847,0.30850785883156207,0.0
12.9,2.910156692938311,-1.8856456908213082,-0.004490431410818785,0.39355283463244767,-0.06385074164297287,0.2834808956880344,0.0
12.92,2.922700236752847,-1.88797251678791,0.00477718053423444,0.3610519016205975,-0.05654845477886728,0.25845393254450677,0.0
12.94,2.935243780567383,-1.890299342754512,0.01404479247928768,0.32855096860874744,-0.04924616791476169,0.2334269694009791,0.0
12.96,2.943693692485644,-1.8917064143740079,0.0201601510858326,0.29550255961123834,-0.0435257769337972,0.2093362389498555,0.0
12.98,2.9500443710638304,-1.8926418317170457,0.02465901962384446,0.26217340240014103,-0.03861658946662202,0.18572561294675605,0.0
13.0,2.956395049642017,-1.8935772490600833,0.029157888161856327,0.22884424518904378,-0.033707401999446836,0.16211498694365656,0.0
13.02,2.962745728220203,-1.894512666403121,0.03365675669986819,0.19551508797794648,-0.028798214532271653,0.13850436094055707,0.0
13.040000000000001,2.9690964067983905,-1.8954480837461587,0.03815562523788045,0.16218593076684626,-0.023889027065096036,0.11489373493745547,0.0
13.06,2.975447085376577,-1.8963835010891965,0.04265449377589232,0.12885677355574898,-0.018979839597920854,0.09128310893435598,0.0
13.08,2.9817977639547633,-1.897318918432234,0.047153362313904185,0.0955276163446517,-0.014070652130745674,0.0676724829312565,0.0
13.1,2.9881484425329496,-1.898254335775272,0.051652230851916045,0.06219845913355443,-0.009161464663570491,0.044061856928157006,0.0
13.120000000000001,2.994499121111137,-1.8991897531183097,0.05615109938992831,0.028869301922454182,-0.004252277196394871,0.020451230925055436,0.0
