0.0,4.5,-3.4,2.2981546406054928e-18,2.768216226123221e-18,1.3952528350754487e-18,6.55888940010056e-19,0.0
0.02,4.5,-3.4,2.9563874305094014e-18,-0.03197936035184638,0.013536564692479023,0.06358517997069617,0.0
0.04,4.5,-3.4,3.61462022041331e-18,-0.06395872070369275,0.027073129384958042,0.12717035994139234,0.0
0.06,4.5,-3.4,4.272853010317218e-18,-0.09593808105553911,0.04060969407743706,0.1907555399120885,0.0
0.08,4.499629626222764,-3.3998432242377334,0.0007364213362261314,-0.12827192504852764,0.054237490986704745,0.25309756381159465,0.0
0.1,4.497167489065457,-3.3988010245644142,0.005631936210115927,-0.1626077895541716,0.06838054092383411,0.30841860376121977,0.0
0.12,4.494705351908149,-3.397758824891095,0.01052745108400572,-0.19694365405981556,0.08252359086096345,0.3637396437108448,0.0
0.14,4.492243214750841,-3.396716625217776,0.015422965957895518,-0.23127951856545953,0.09666664079809281,0.4190606836604699,0.0
0.16,4.488985745623682,-3.395346825819558,0.021599898740168898,-0.2664978150915606,0.1105963925607182,0.47130947526349387,0.0
0.18,4.483880040649586,-3.3932157322976835,0.03075466040768659,-0.30376675531679376,0.12403047038196016,0.5164188084515086,0.0
0.2,4.47877433567549,-3.3910846387758085,0.0399094220752043,-0.34103569554202695,0.13746454820320214,0.5615281416395234,0.0
0.22,4.473668630701393,-3.388953545253934,0.04906418374272199,-0.37830463576726014,0.1508986260244441,0.6066374748275382,0.0
0.24,4.4672680181982285,-3.386355685346654,0.059786267014325586,-0.4171164303362149,0.1630971228764153,0.6455830621579071,0.0
0.26,4.459292923669981,-3.38319028276375,0.0724140614180084,-0.45780418622053876,0.17379327304881165,0.6770341320480768,0.0
0.28,4.4513178291417335,-3.3800248801808457,0.08504185582169121,-0.4984919421048626,0.18448942322120795,0.7084852019382466,0.0
0.3,4.443342734613486,-3.3768594775979417,0.09766965022537398,-0.5391796979891863,0.19518557339360426,0.7399362718284163,0.0
0.32,4.43348271459976,-3.3731985587198214,0.11175446583588104,-0.5816020391788628,0.20262580828442867,0.7607765260439632,0.0
0.34,4.422375010960259,-3.3692096440813337,0.12680372355095232,-0.6251725497257217,0.20791086398380787,0.774593191754109,0.0
0.36,4.411267307320758,-3.3652207294428456,0.14185298126602355,-0.6687430602725805,0.21319591968318702,0.7884098574642547,0.0
0.38,4.400159603681257,-3.361231814804358,0.15690223898109484,-0.7123135708194392,0.21848097538256622,0.8022265231744006,0.0
0.4,4.38652880789892,-3.3569368518239484,0.17275159566806056,-0.7563401452961138,0.21817592925331056,0.8008359626387552,0.0
0.42,4.3720665477016905,-3.35254103311131,0.18886461843849145,-0.8005170119171459,0.21602871070901217,0.794433984859186,0.0
0.44,4.35760428750446,-3.3481452143986723,0.20497764120892242,-0.8446938785381779,0.21388149216471375,0.7880320070796168,0.0
0.46,4.343142027307229,-3.3437493956860345,0.22109066397935337,-0.88887074515921,0.21173427362041533,0.7816300293000477,0.0
0.48,4.325609920913542,-3.339502786982737,0.23675881393195852,-0.9305004907527651,0.2028115125121718,0.7546010180095213,0.0
0.5,4.307746419928367,-3.335272285728129,0.2523789391835551,-0.9718552707362047,0.19315732122261298,0.7253452869074773,0.0
0.52,4.289882918943192,-3.3310417844735203,0.26799906443515165,-1.0132100507196442,0.18350312993305415,0.6960895558054334,0.0
0.54,4.2718506859384995,-3.3268506733739014,0.28349982310824684,-1.0542599857784347,0.17359353543181544,0.6655782762681135,0.0
0.56,4.250803220692962,-3.323363462255063,0.2968675073535809,-1.0898623581997995,0.15911989908199653,0.6126304127746698,0.0
0.58,4.229755755447425,-3.319876251136225,0.31023519159891494,-1.125464730621164,0.14464626273217768,0.5596825492812263,0.0
0.6,4.208708290201889,-3.316389040017387,0.32360287584424907,-1.161067103042529,0.13017262638235877,0.5067346857877826,0.0
0.62,4.187103229150966,-3.3131285115145785,0.33614130336931053,-1.1954607746522015,0.11544636711268334,0.44993920731086934,0.0
0.64,4.163314685814357,-3.310755646569841,0.3454324551051464,-1.2251213102060865,0.0997308649808171,0.3780769025102878,0.0
0.66,4.139526142477748,-3.3083827816251032,0.35472360684098225,-1.2547818457599715,0.08401536284895084,0.30621459770970616,0.0
0.68,4.11573759914114,-3.3060099166803654,0.3640147585768181,-1.2844423813138568,0.06829986071708458,0.23435229290912463,0.0
0.7000000000000001,4.09114100166229,-3.304065195609563,0.37134813605198624,-1.3124198696160747,0.05280061466645156,0.15774905072739825,0.0
0.72,4.065068850839809,-3.302902289879734,0.3751065051144793,-1.3373240168265634,0.03769626465936827,0.07248858418530228,1.0
0.74,4.0389967000173295,-3.301739384149905,0.37886487417697234,-1.3622281640370524,0.02259191465228489,-0.012771882356794162,1.0
0.76,4.012924549194849,-3.3005764784200764,0.3826232432394654,-1.3871323112475413,0.0074875646452015054,-0.09803234889889059,1.0
0.78,3.98588549333882,-3.3,0.38307136949117576,-1.4218274929981423,3.728690607777588e-16,-0.14053119407122266,1.0
0.8,3.9578959362410613,-3.3,0.38026541205016634,-1.4661476018773667,4.2422186457382793e-16,-0.14099387974481775,1.0
0.8200000000000001,3.929906379143303,-3.3,0.3774594546091569,-1.5104677107565911,4.755746683698971e-16,-0.1414565654184128,1.0
0.84,3.9019168220455445,-3.3,0.3746534971681475,-1.5547878196358156,5.26927472165966e-16,-0.1419192510920079,1.0
0.86,3.873927264947786,-3.3,0.3718475397271381,-1.59910792851504,5.782802759620352e-16,-0.14238193676560296,1.0
0.88,3.8459377078500276,-3.3,0.36904158228612866,-1.6434280373942647,6.296330797581043e-16,-0.14284462243919802,1.0
0.9,3.8179481507522692,-3.3,0.36623562484511923,-1.6877481462734891,6.809858835541736e-16,-0.1433073081127931,1.0
0.92,3.789958593654511,-3.3,0.3634296674041098,-1.7320682551527136,7.323386873502427e-16,-0.14376999378638816,1.0
0.9400000000000001,3.7619690365567524,-3.3,0.3606237099631004,-1.7763883640319382,7.836914911463118e-16,-0.14423267945998325,1.0
0.96,3.733979479458994,-3.3,0.35781775252209097,-1.8207084729111624,8.350442949423807e-16,-0.1446953651335783,1.0
0.98,3.7059899223612356,-3.3,0.35501179508108155,-1.8650285817903869,8.863970987384499e-16,-0.14515805080717337,1.0
1.0,3.678000365263477,-3.3,0.35220583764007213,-1.9093486906696113,9.37749902534519e-16,-0.14562073648076845,1.0
1.02,3.6404722829593914,-3.3,0.349300301496036,-1.9375001367818936,8.311386793502957e-16,-0.14407609721410772,1.0
1.04,3.6022230000980637,-3.3,0.3463872362828242,-1.964429082733497,7.125839175353022e-16,-0.1423796856520278,1.0
1.06,3.563973717236736,-3.3,0.3434741710696124,-1.9913580286851005,5.940291557203088e-16,-0.1406832740899479,1.0
1.08,3.525724434375409,-3.3,0.3405611058564006,-2.018286974636704,4.754743939053154e-16,-0.138986862527868,1.0
1.1,3.487475151514081,-3.3,0.3376480406431888,-2.045215920588307,3.569196320903219e-16,-0.13729045096578807,1.0
1.12,3.4492258686527535,-3.3,0.33473497542997704,-2.0721448665399107,2.3836487027532843e-16,-0.13559403940370818,1.0
1.1400000000000001,3.410976585791426,-3.3,0.3318219102167652,-2.099073812491514,1.1981010846033496e-16,-0.13389762784162826,1.0
1.16,3.372727302930099,-3.3,0.32890884500355344,-2.126002758443117,1.2553466453427648e-18,-0.13220121627954837,1.0
1.18,3.3344780200687714,-3.3,0.32599577979034167,-2.1529317043947205,-1.172994151696507e-16,-0.13050480471746848,1.0
1.2,3.2962287372074437,-3.3,0.3230827145771299,-2.179860650346324,-2.358541769846442e-16,-0.12880839315538856,1.0
1.22,3.257979454346116,-3.3,0.32016964936391806,-2.206789596297927,-3.5440893879963766e-16,-0.12711198159330866,1.0
1.24,3.217516331524759,-3.3,0.3173960468579187,-2.224395306284693,-4.0496571993351207e-16,-0.12539559357180416,1.0
1.26,3.173033228224985,-3.3,0.31487568639767843,-2.2250715058953685,-3.320490071178825e-16,-0.12364293148425848,1.0
1.28,3.1285501249252112,-3.3,0.3123553259374382,-2.225747705506044,-2.59132294302253e-16,-0.1218902693967128,1.0
1.3,3.084067021625437,-3.3,0.30983496547719797,-2.2264239051167194,-1.8621558148662342e-16,-0.1201376073091671,1.0
1.32,3.039583918325663,-3.3,0.3073146050169577,-2.227100104727395,-1.132988686709939e-16,-0.11838494522162142,1.0
1.34,2.995100815025889,-3.3,0.30479424455671744,-2.2277763043380707,-4.038215585536433e-17,-0.11663228313407573,1.0
1.36,2.9506177117261148,-3.3,0.3022738840964772,-2.228452503948746,3.253455696026519e-17,-0.11487962104653004,1.0
1.3800000000000001,2.9061346084263406,-3.3,0.299753523636237,-2.2291287035594216,1.0545126977589476e-16,-0.11312695895898436,1.0
1.4000000000000001,2.8616515051265665,-3.3,0.2972331631759967,-2.229804903170097,1.7836798259152433e-16,-0.11137429687143868,1.0
1.42,2.817168401826793,-3.3,0.29471280271575645,-2.2304811027807725,2.51284695407153e-16,-0.109621634783893,1.0
1.44,2.7726852985270187,-3.3,0.2921924422555162,-2.231157302391448,3.242014082227826e-16,-0.10786897269634732,1.0
1.46,2.7282021952272446,-3.3,0.289672081795276,-2.2318335020021234,3.9711812103841215e-16,-0.10611631060880164,1.0
1.48,2.6835969071369608,-3.3,0.28746841576464066,-2.232382463669882,3.4942077646700595e-16,-0.10467050253766448,1.0
1.5,2.6389572694165273,-3.3,0.2853537815724343,-2.2328956551222,2.6781537963544087e-16,-0.10331095988409165,1.0
1.52,2.594317631696094,-3.3,0.283239147380228,-2.233408846574518,1.862099828038757e-16,-0.10195141723051881,1.0
1.54,2.549677993975661,-3.3,0.2811245131880216,-2.2339220380268356,1.0460458597231058e-16,-0.10059187457694599,1.0
1.56,2.5050383562552274,-3.3,0.27900987899581525,-2.234435229479154,2.2999189140745464e-17,-0.09923233192337316,1.0
1.58,2.460398718534794,-3.3,0.27689524480360894,-2.2349484209314716,-5.860620769081961e-17,-0.09787278926980032,1.0
1.6,2.415759080814361,-3.3,0.2747806106114026,-2.23546161238379,-1.4021160452238473e-16,-0.0965132466162275,1.0
1.62,2.3711194430939275,-3.3,0.2726659764191962,-2.2359748038361076,-2.2181700135394985e-16,-0.09515370396265466,1.0
1.6400000000000001,2.3264798053734945,-3.3,0.2705513422269899,-2.2364879952884253,-3.0342239818551497e-16,-0.09379416130908183,1.0
1.6600000000000001,2.281840167653061,-3.3,0.26843670803478353,-2.2370011867407436,-3.850277950170801e-16,-0.092434618655509,1.0
1.68,2.2372005299326285,-3.3,0.2663220738425772,-2.2375143781930613,-4.666331918486443e-16,-0.09107507600193618,1.0
1.7,2.1925364207325497,-3.3,0.26427226929674136,-2.238096541555183,-5.309891345743451e-16,-0.08949544239817145,1.0
1.72,2.1477779835845396,-3.3,0.2624723575892551,-2.238944564555174,-5.288552028703722e-16,-0.08706744457652738,1.0
1.74,2.1030195464365296,-3.3,0.2606724458817688,-2.2397925875551654,-5.267212711663994e-16,-0.0846394467548833,1.0
1.76,2.0582611092885195,-3.3,0.2588725341742825,-2.2406406105551566,-5.245873394624264e-16,-0.08221144893323923,1.0
1.78,2.0135026721405094,-3.3,0.25707262246679624,-2.241488633555148,-5.224534077584535e-16,-0.07978345111159516,1.0
1.8,1.9687442349924997,-3.3,0.25527271075930996,-2.242336656555139,-5.203194760544807e-16,-0.07735545328995108,1.0
1.82,1.9239857978444896,-3.3,0.2534727990518237,-2.2431846795551302,-5.181855443505078e-16,-0.07492745546830701,1.0
1.84,1.8792273606964796,-3.3,0.2516728873443374,-2.2440327025551214,-5.160516126465348e-16,-0.07249945764666293,1.0
1.86,1.8344689235484697,-3.3,0.24987297563685112,-2.2448807255551126,-5.13917680942562e-16,-0.07007145982501886,1.0
1.8800000000000001,1.7897104864004598,-3.3,0.24807306392936485,-2.245728748555104,-5.117837492385891e-16,-0.06764346200337479,1.0
1.9000000000000001,1.7449520492524497,-3.3,0.24627315222187857,-2.246576771555095,-5.096498175346162e-16,-0.06521546418173071,1.0
1.92,1.7001936121044403,-3.3,0.24447324051439231,-2.2474247945550863,-5.075158858306434e-16,-0.06278746636008667,1.0
1.94,1.655311221258457,-3.3,0.24302822402633611,-2.2238472045078272,-4.355696122630596e-16,-0.06061348604736029,1.0
1.96,1.6103564740462093,-3.3,0.24179037302751122,-2.1860114791020964,-3.2287128804857104e-16,-0.05858778516649769,1.0
1.98,1.5654017268339615,-3.3,0.24055252202868632,-2.1481757536963655,-2.1017296383408245e-16,-0.05656208428563508,1.0
2.0,1.5204469796217137,-3.3,0.23931467102986143,-2.1103400282906346,-9.74746396195939e-17,-0.05453638340477247,1.0
2.02,1.475492232409466,-3.3,0.23807682003103653,-2.072504302884904,1.5223684594894688e-17,-0.05251068252390986,1.0
2.04,1.4305374851972181,-3.3,0.23683896903221166,-2.0346685774791733,1.2792200880938323e-16,-0.05048498164304725,1.0
2.06,1.3855827379849703,-3.3,0.23560111803338676,-1.9968328520734424,2.4062033302387177e-16,-0.04845928076218465,1.0
2.08,1.3406279907727225,-3.3,0.23436326703456187,-1.9589971266677115,3.533186572383603e-16,-0.046433579881322046,1.0
2.1,1.2956732435604748,-3.3,0.23312541603573697,-1.9211614012619809,4.66016981452849e-16,-0.044407879000459435,1.0
2.12,1.250718496348227,-3.3,0.23188756503691207,-1.88332567585625,5.787153056673375e-16,-0.042382178119596825,1.0
2.14,1.2057637491359792,-3.3,0.23064971403808718,-1.8454899504505193,6.91413629881826e-16,-0.040356477238734215,1.0
2.16,1.1613068961003326,-3.3,0.2294385199795298,-1.8072858969480616,7.939683453585873e-16,-0.038357553459828275,1.0
2.18,1.1251107953929058,-3.3,0.22866960139179868,-1.7629707714034344,7.282265764925206e-16,-0.0368028988001989,1.0
2.2,1.088914694685479,-3.3,0.22790068280406756,-1.7186556458588071,6.624848076264539e-16,-0.03524824414056952,1.0
2.22,1.0527185939780521,-3.3,0.22713176421633646,-1.6743405203141801,5.967430387603872e-16,-0.03369358948094014,1.0
2.24,1.0165224932706254,-3.3,0.22636284562860534,-1.6300253947695529,5.310012698943206e-16,-0.03213893482131076,1.0
2.2600000000000002,0.9803263925631986,-3.3,0.22559392704087425,-1.5857102692249256,4.652595010282538e-16,-0.030584280161681382,1.0
2.2800000000000002,0.9441302918557719,-3.3,0.22482500845314313,-1.5413951436802986,3.9951773216218713e-16,-0.029029625502052,1.0
2.3000000000000003,0.9079341911483451,-3.3,0.224056089865412,-1.4970800181356714,3.337759632961204e-16,-0.02747497084242262,1.0
2.32,0.8717380904409191,-3.3,0.2232871712776809,-1.4527648925910452,2.6803419443005517e-16,-0.025920316182793276,1.0
2.34,0.8355419897334924,-3.3,0.22251825268994982,-1.408449767046418,2.0229242556398845e-16,-0.024365661523163898,1.0
2.36,0.7993458890260655,-3.3,0.2217493341022187,-1.364134641501791,1.3655065669792183e-16,-0.022811006863534516,1.0
2.38,0.7631497883186387,-3.3,0.22098041551448758,-1.3198195159571637,7.080888783185511e-17,-0.02125635220390514,1.0
2.4,0.7319011311431811,-3.3,0.2203850621834426,-1.275503604979999,4.1200040487342966e-17,-0.019822218382046983,1.0
2.42,0.7059636026000284,-3.3,0.21997603283940262,-1.231186850833385,5.038023496249047e-17,-0.018517464848844974,1.0
2.44,0.6800260740568757,-3.3,0.21956700349536268,-1.186870096686771,5.956042943763797e-17,-0.017212711315642965,1.0
2.46,0.654088545513723,-3.3,0.21915797415132274,-1.1425533425401568,6.874062391278549e-17,-0.015907957782440956,1.0
2.48,0.6281510169705702,-3.3,0.21874894480728277,-1.0982365883935425,7.792081838793298e-17,-0.014603204249238947,1.0
2.5,0.6022134884274175,-3.3,0.21833991546324283,-1.0539198342469285,8.710101286308048e-17,-0.013298450716036938,1.0
2.52,0.5762759598842648,-3.3,0.2179308861192029,-1.0096030801003144,9.628120733822799e-17,-0.011993697182834927,1.0
2.54,0.550338431341112,-3.3,0.21752185677516295,-0.9652863259537003,1.0546140181337549e-16,-0.010688943649632918,1.0
2.56,0.5244009027979594,-3.3,0.21711282743112298,-0.9209695718070863,1.14641596288523e-16,-0.009384190116430909,1.0
2.58,0.49846337425480663,-3.3,0.21670379808708304,-0.8766528176604722,1.2382179076367049e-16,-0.0080794365832289,1.0
2.6,0.4725258457116539,-3.3,0.2162947687430431,-0.832336063513858,1.33001985238818e-16,-0.006774683050026889,1.0
2.62,0.4465883171685012,-3.3,0.21588573939900313,-0.788019309367244,1.4218217971396552e-16,-0.00546992951682488,1.0
2.64,0.4299628589221418,-3.3,0.21575087175419258,-0.7436997078556306,1.25956478867444e-17,-0.005861977407057712,1.0
2.66,0.4142842795506801,-3.3,0.21564388168257817,-0.6993798168155146,-1.3110109547095395e-16,-0.006426561089175632,1.0
2.68,0.39860570017921837,-3.3,0.21553689161096376,-0.6550599257753987,-2.7479783882865233e-16,-0.006991144771293552,1.0
2.7,0.3829271208077567,-3.3,0.21542990153934935,-0.6107400347352829,-4.1849458218635066e-16,-0.007555728453411471,1.0
2.72,0.367248541436295,-3.3,0.21532291146773494,-0.566420143695167,-5.62191325544049e-16,-0.00812031213552939,1.0
2.74,0.3515699620648333,-3.3,0.21521592139612053,-0.5221002526550511,-7.058880689017474e-16,-0.00868489581764731,1.0
2.7600000000000002,0.3358913826933716,-3.3,0.2151089313245061,-0.4777803616149353,-8.495848122594458e-16,-0.00924947949976523,1.0
2.7800000000000002,0.32021280332190993,-3.3,0.21500194125289168,-0.4334604705748194,-9.932815556171442e-16,-0.00981406318188315,1.0
2.8000000000000003,0.3045342239504482,-3.3,0.21489495118127727,-0.38914057953470355,-1.1369782989748424e-15,-0.01037864686400107,1.0
2.82,0.2888556445789868,-3.3,0.21478796110966286,-0.34482068849458863,-1.2806750423325377e-15,-0.010943230546118978,1.0
2.84,0.27317706520752516,-3.3,0.21468097103804845,-0.3005007974544728,-1.424371785690236e-15,-0.011507814228236896,1.0
2.86,0.2609162938122562,-3.3,0.21453044208204844,-0.2567468970070978,0.004049253028270961,-0.012011786376413307,1.0
2.88,0.25549738977647496,-3.3,0.21429275572164733,-0.21412601298113237,0.016204418476850273,-0.012394424594020318,1.0
2.9,0.2500784857406937,-3.3,0.21405506936124621,-0.17150512895516695,0.02835958392542958,-0.01277706281162733,1.0
2.92,0.24465958170491245,-3.3,0.2138173830008451,-0.12888424492920153,0.04051474937400889,-0.013159701029234343,1.0
2.94,0.2392406776691312,-3.3,0.213579696640444,-0.08626336090323611,0.052669914822588204,-0.013542339246841355,1.0
2.96,0.23382177363335,-3.3,0.21334201028004288,-0.043642476877270686,0.06482508027116751,-0.013924977464448367,1.0
2.98,0.22840286959756873,-3.3,0.21310432391964174,-0.0010215928513052641,0.07698024571974682,-0.01430761568205538,1.0
3.0,0.2229839655617875,-3.3,0.21286663755924062,0.04159929117466016,0.08913541116832613,-0.014690253899662394,1.0
3.02,0.21756506152600627,-3.3,0.2126289511988395,0.08422017520062552,0.10129057661690544,-0.015072892117269405,1.0
3.04,0.21214615749022503,-3.3,0.2123912648384384,0.12684105922659095,0.11344574206548474,-0.015455530334876417,1.0
3.06,0.2067272534544438,-3.3,0.21215357847803729,0.16946194325255637,0.12560090751406405,-0.01583816855248343,1.0
3.08,0.20130834941866255,-3.3,0.21191589211763617,0.2120828272785218,0.13775607296264336,-0.01622080677009044,1.0
3.1,0.2033736620241607,-3.297865555968475,0.21161101458133175,0.2546919709667836,0.1499518893791729,-0.016663998757588956,1.0
3.12,0.2078211277461709,-3.2950517392323078,0.2112847507494734,0.2972973778201314,0.16216064460207766,-0.017126464419084025,1.0
3.14,0.2122685934681811,-3.2922379224961404,0.210958486917615,0.3399027846734791,0.1743693998249824,-0.01758893008057909,1.0
3.16,0.21671605919019132,-3.289424105759973,0.21063222308575666,0.3825081915268269,0.18657815504788716,-0.01805139574207416,1.0
3.18,0.22116352491220154,-3.286610289023806,0.21030595925389828,0.4251135983801747,0.19878691027079193,-0.01851386140356923,1.0
3.2,0.22561099063421172,-3.2837964722876385,0.2099796954220399,0.4677190052335225,0.2109956654936967,-0.018976327065064295,1.0
3.22,0.23005845635622194,-3.2809826555514716,0.20965343159018154,0.5103244120868702,0.22320442071660143,-0.019438792726559365,1.0
3.24,0.23450592207823212,-3.2781688388153043,0.20932716775832316,0.5529298189402181,0.23541317593950617,-0.019901258388054434,1.0
3.2600000000000002,0.24506932120052,-3.273602476114713,0.20893451777046973,0.5955117690725251,0.24770269468140688,-0.020456984055235865,1.0
3.2800000000000002,0.25620027804896894,-3.2688734774046257,0.20853570715703731,0.6380915424245461,0.2599997082660729,-0.02102136423732204,1.0
3.3000000000000003,0.2673312348974179,-3.264144478694539,0.2081368965436049,0.6806713157765671,0.2722967218507389,-0.021585744419408217,1.0
3.3200000000000003,0.27846219174586684,-3.2594154799844524,0.20773808593017246,0.7232510891285882,0.2845937354354049,-0.022150124601494393,1.0
3.34,0.2895931485943155,-3.2546864812743657,0.20733927531674004,0.7658308624806082,0.29689074902007057,-0.022714504783580558,1.0
3.36,0.30072410544276446,-3.2499574825642785,0.20694046470330762,0.8084106358326291,0.30918776260473657,-0.023278884965666734,1.0
3.38,0.3118550622912134,-3.245228483854192,0.2065416540898752,0.8509904091846501,0.3214847761894026,-0.02384326514775291,1.0
3.4,0.3234642892427639,-3.2403613610186817,0.20613650417149532,0.8935664139759875,0.3337945664013432,-0.024423427639277198,1.0
3.42,0.341274716101758,-3.2337033352849223,0.20564915949120466,0.9360935560054442,0.3462700170201528,-0.02520822189681025,1.0
3.44,0.35908514296075217,-3.227045309551163,0.20516181481091397,0.978620698034901,0.3587454676389625,-0.025993016154343303,1.0
3.46,0.3768955698197463,-3.2203872838174035,0.20467447013062331,1.0211478400643579,0.3712209182577721,-0.026777810411876355,1.0
3.48,0.3947059966787405,-3.213729258083644,0.20418712545033263,1.0636749820938145,0.3836963688765817,-0.027562604669409407,1.0
3.5,0.41251642353773466,-3.2070712323498847,0.20369978077004197,1.1062021241232713,0.3961718194953913,-0.02834739892694246,1.0
3.52,0.4303268503967288,-3.2004132066161253,0.20321243608975129,1.1487292661527282,0.40864727011420093,-0.029132193184475512,1.0
3.54,0.44813727725572294,-3.1937551808823663,0.20272509140946063,1.191256408182185,0.42112272073301055,-0.029916987442008564,1.0
3.56,0.4674695771161099,-3.1866507096417873,0.20220966214282873,1.2336986157943577,0.43372969385614674,-0.032637018753276896,1.0
3.58,0.4919512177336077,-3.1780356655465805,0.20159920713820087,1.2758534431479929,0.44678168058513984,-0.041905030760930474,1.0
3.6,0.5164328583511055,-3.1694206214513736,0.200988752133573,1.3180082705016278,0.459833667314133,-0.05117304276858406,1.0
3.62,0.5409144989686033,-3.1608055773561667,0.20037829712894514,1.360163097855263,0.47288565404312616,-0.06044105477623764,1.0
3.64,0.5653961395861011,-3.15219053326096,0.19976784212431728,1.402317925208898,0.48593764077211926,-0.06970906678389122,1.0
3.66,0.589877780203599,-3.143575489165753,0.19915738711968942,1.444472752562533,0.4989896275011124,-0.07897707879154481,1.0
3.68,0.6143594208210968,-3.134960445070546,0.19854693211506155,1.4866275799161681,0.5120416142301055,-0.08824509079919839,1.0
3.7,0.6388410614385946,-3.1263454009753393,0.1979364771104337,1.5287824072698033,0.5250936009590986,-0.09751310280685196,1.0
3.72,0.6658663038416979,-3.1169428063471667,0.19676679476763934,1.549114398807444,0.5492115457979557,-0.10206175581355548,1.0
3.74,0.6969607533809463,-3.106280302928651,0.19470247086260334,1.5345346208472366,0.5910326059451025,-0.09906046549446947,1.0
3.7600000000000002,0.7280552029201949,-3.0956177995101353,0.19263814695756737,1.5199548428870289,0.6328536660922494,-0.09605917517538345,1.0
3.7800000000000002,0.7591496524594433,-3.084955296091619,0.19057382305253137,1.5053750649268214,0.6746747262393962,-0.09305788485629743,1.0
3.8000000000000003,0.7902441019986919,-3.0742927926731034,0.18850949914749537,1.490795286966614,0.716495786386543,-0.09005659453721142,1.0
3.8200000000000003,0.8213385515379403,-3.0636302892545877,0.18644517524245938,1.4762155090064062,0.7583168465336898,-0.0870553042181254,1.0
3.84,0.8524330010771881,-3.052967785836072,0.18438085133742343,1.461635731046199,0.8001379066808357,-0.08405401389903945,1.0
3.86,0.8835274506164367,-3.0423052824175563,0.18231652743238744,1.4470559530859914,0.8419589668279825,-0.08105272357995344,1.0
3.88,0.9133841775312741,-3.028092459339709,0.18050699238219542,1.4171059377700108,0.8552967321765595,-0.07963209138334039,1.0
3.9,0.9421915038197378,-3.0108695049118737,0.17891347954779957,1.3741242977664414,0.8444849935787,-0.07955161698225541,1.0
3.92,0.9709988301082014,-2.9936465504840384,0.17731996671340372,1.3311426577628722,0.8336732549808406,-0.07947114258117043,1.0
3.94,0.9998061563966651,-2.976423596056203,0.17572645387900787,1.288161017759303,0.8228615163829811,-0.07939066818008544,1.0
3.96,1.0286134826851288,-2.959200641628368,0.17413294104461202,1.2451793777557338,0.8120497777851216,-0.07931019377900046,1.0
3.98,1.0574208089735926,-2.941977687200532,0.17253942821021617,1.2021977377521647,0.8012380391872621,-0.07922971937791548,1.0
4.0,1.0862281352620562,-2.924754732772697,0.17094591537582032,1.1592160977485955,0.7904263005894026,-0.0791492449768305,1.0
4.0200000000000005,1.1150354615505205,-2.907531778344861,0.16935240254142445,1.1162344577450252,0.7796145619915429,-0.0790687705757455,1.0
4.04,1.1391385893235244,-2.891492132991729,0.1677676973643933,1.0733559830429495,0.7684045794345145,-0.07881082677018415,1.0
4.0600000000000005,1.1612034049594715,-2.875965211164385,0.16618680851331988,1.030522209491443,0.7570220392158953,-0.07847598611600726,1.0
4.08,1.1832682205954175,-2.8604382893370417,0.16460591966224652,0.9876884359399386,0.7456394989972766,-0.07814114546183039,1.0
4.1,1.2053330362313635,-2.844911367509699,0.1630250308111732,0.944854662388434,0.7342569587786578,-0.0778063048076535,1.0
4.12,1.2273978518673105,-2.8293844456823547,0.1614441419600998,0.9020208888369275,0.7228744185600386,-0.07747146415347661,1.0
4.14,1.2494626675032565,-2.8138575238550114,0.15986325310902647,0.859187115285423,0.7114918783414199,-0.07713662349929974,1.0
4.16,1.2715274831392036,-2.7983306020276677,0.15828236425795306,0.8163533417339166,0.7001093381228007,-0.07680178284512285,1.0
4.18,1.2935922987751498,-2.7828036802003244,0.1567014754068797,0.7735195681824121,0.688726797904182,-0.07646694219094596,1.0
4.2,1.309917376414525,-2.768802022041658,0.15516545529993583,0.730728421078432,0.6771871061924284,-0.07590077664952323,1.0
4.22,1.3252628771421848,-2.7550606742098753,0.1536370927525937,0.6879445488507375,0.6656205940971651,-0.07529513186378896,1.0
4.24,1.3406083778698454,-2.741319326378092,0.15210873020525154,0.6451606766230412,0.6540540820019013,-0.07468948707805466,1.0
4.26,1.3559538785975054,-2.7275779785463095,0.15058036765790944,0.6023768043953467,0.642487569906638,-0.07408384229232037,1.0
4.28,1.3712993793251658,-2.7138366307145265,0.14905200511056724,0.5595929321676504,0.6309210578113742,-0.07347819750658607,1.0
4.3,1.3866448800528257,-2.700095282882744,0.14752364256322514,0.5168090599399559,0.6193545457161109,-0.0728725527208518,1.0
4.32,1.4019903807804863,-2.686353935050961,0.14599528001588297,0.4740251877122595,0.6077880336208472,-0.0722669079351175,1.0
4.34,1.4172638194941507,-2.6726320690031566,0.14446793757216292,0.4312415676255517,0.5962206019985457,-0.0716604101945953,1.0
4.36,1.4258978333118824,-2.660705154752978,0.143034582251607,0.38848117851798397,0.5845684498644024,-0.07097532556841682,1.0
4.38,1.4345318471296136,-2.6487782405028,0.14160122693105118,0.34572078941041817,0.5729162977302595,-0.07029024094223836,1.0
4.4,1.4431658609473452,-2.636851326252621,0.14016787161049526,0.3029604003028505,0.5612641455961161,-0.06960515631605987,1.0
4.42,1.4517998747650764,-2.624924412002443,0.1387345162899394,0.2602000111952847,0.5496119934619733,-0.0689200716898814,1.0
4.44,1.460433888582808,-2.6129974977522643,0.1373011609693835,0.21743962208771697,0.53795984132783,-0.06823498706370291,1.0
4.46,1.4690679024005393,-2.601070583502086,0.13586780564882767,0.17467923298015114,0.5263076891936872,-0.06754990243752446,1.0
4.48,1.477701916218271,-2.5891436692519076,0.13443445032827175,0.13191884387258346,0.5146555370595438,-0.06686481781134597,1.0
4.5,1.485213986451068,-2.5775224832144614,0.1330190702019908,0.08945571769910673,0.5031769650718714,-0.07134230160180133,1.0
4.5200000000000005,1.487140197145427,-2.5674234368605005,0.1316931838004782,0.04847258483197903,0.4925626025951443,-0.10152284428054362,1.0
4.54,1.489066407839786,-2.55732439050654,0.1303672973989657,0.00748945196485315,0.4819482401184177,-0.13170338695928457,1.0
4.5600000000000005,1.4909926185341449,-2.547225344152579,0.1290414109974531,-0.033493680902274545,0.4713338776416906,-0.1618839296380269,1.0
4.58,1.4929188292285038,-2.5371262977986184,0.12771552459594054,-0.07447681376940045,0.460719515164964,-0.19206447231676782,1.0
4.6000000000000005,1.4948450399228628,-2.5270272514446575,0.12638963819442794,-0.11545994663652816,0.4501051526882369,-0.22224501499551014,1.0
4.62,1.4967712506172217,-2.5169282050906965,0.1250637517929154,-0.156443079503654,0.43949079021151033,-0.25242555767425107,1.0
4.64,1.4986974613115804,-2.506829158736736,0.12373786539140287,-0.1974262123707799,0.42887642773478374,-0.28260610035299205,1.0
4.66,1.498542076824024,-2.4972692318752334,0.12087906367003533,-0.2382868959615518,0.4179989854557471,-0.3131414697974084,1.0
4.68,1.4940392817869306,-2.4888352558178726,0.11481876903064901,-0.2788918442967653,0.4065721011344411,-0.34441789477353835,1.0
4.7,1.4895364867498366,-2.4804012797605117,0.10875847439126245,-0.31949679263198055,0.3951452168131345,-0.3756943197496697,1.0
4.72,1.4850336917127431,-2.471967303703151,0.10269817975187613,-0.36010174096719405,0.3837183324918285,-0.40697074472579964,1.0
4.74,1.4805308966756494,-2.46353332764579,0.09663788511248955,-0.4007066893024093,0.372291448170522,-0.438247169701931,0.0
4.76,1.4760281016385557,-2.455099351588429,0.09057759047310325,-0.4413116376376228,0.360864563849216,-0.46952359467806093,0.0
4.78,1.471525306601462,-2.446665375531068,0.08451729583371667,-0.48191658597283804,0.3494376795279095,-0.5008000196541923,0.0
4.8,1.4619991387501545,-2.439645057227363,0.07458769094047035,-0.5224412391138269,0.33882143899172457,-0.5341169513772759,0.0
4.82,1.452339840253412,-2.4326622040245227,0.06455554064784044,-0.5629637642520934,0.328226682333866,-0.5674879611053755,0.0
4.84,1.4426805417566697,-2.4256793508216825,0.054523390355210984,-0.6034862893903581,0.31763192567600784,-0.6008589708334735,0.0
4.86,1.4330212432599272,-2.4186964976188423,0.044491240062581074,-0.6440088145286247,0.3070371690181493,-0.634229980561573,0.0
4.88,1.423361944763185,-2.4117136444160026,0.03445908976995161,-0.6845313396668894,0.29644241236029123,-0.6676009902896711,0.0
4.9,1.4137026462664422,-2.404730791213162,0.024426939477321698,-0.7250538648051559,0.28584765570243265,-0.7009720000177706,0.0
4.92,1.4008292252356893,-2.398588281646367,0.011747902940959726,-0.7654326030062184,0.27627376556714045,-0.7367936810304998,0.0
4.94,1.3860238903656419,-2.392950877744666,-0.0025220985045478345,-0.8057249151389075,0.2673134880561792,-0.7740883879531766,0.0
4.96,1.3712185554955951,-2.387313473842966,-0.016792099950054762,-0.8460172272715949,0.25835321054521837,-0.8113830948758518,0.0
4.98,1.3564132206255477,-2.3816760699412654,-0.03106210139556232,-0.886309539404284,0.24939293303425714,-0.8486778017985286,0.0
5.0,1.341607885755501,-2.3760386660395647,-0.04533210284106924,-0.9266018515369714,0.2404326555232963,-0.8859725087212037,0.0
5.0200000000000005,1.3268025508854535,-2.370401262137864,-0.05960210428657681,-0.9668941636696605,0.23147237801233506,-0.9232672156438806,0.0
5.04,1.3105901860806801,-2.3650767561070993,-0.07517445762676421,-1.0068115413547352,0.22372139478532121,-0.9637326368810362,0.0
5.0600000000000005,1.2906680500465424,-2.3605772357363244,-0.09418058836581876,-1.045740367913555,0.21915883351842128,-1.012557954698984,0.0
5.08,1.2707459140124056,-2.35607771536555,-0.11318671910487246,-1.0846691944723732,0.21459627225152153,-1.0613832725169299,0.0
5.1000000000000005,1.2508237779782678,-2.351578194994775,-0.132192849843927,-1.123598021031193,0.2100337109846216,-1.1102085903348777,0.0
5.12,1.230901641944131,-2.3470786746240004,-0.1511989805829807,-1.162526847590011,0.20547114971772185,-1.1590339081528236,0.0
5.14,1.2109795059099941,-2.3425791542532255,-0.17020511132203442,-1.2014556741488291,0.2009085884508221,-1.2078592259707692,0.0
5.16,1.1910573698758564,-2.338079633882451,-0.18921124206108897,-1.240384500707649,0.19634602718392213,-1.2566845437887173,0.0
5.18,1.1665604671574028,-2.3341162882470607,-0.21395513725515986,-1.2567775597933226,0.20236854881165728,-1.3654264335025783,0.0
5.2,1.1416946817144924,-2.330196176641037,-0.2391616925870066,-1.2713534649393874,0.2092445902987007,-1.47899964900991,0.0
5.22,1.116828896271583,-2.3262760650350134,-0.2643682479188522,-1.2859293700854517,0.21612063178574387,-1.5925728645172366,0.0
5.24,1.0919631108286725,-2.3223559534289895,-0.28957480325069895,-1.3005052752315167,0.22299667327278727,-1.7061460800245682,0.0
5.26,1.0670973253857632,-2.3184358418229656,-0.3147813585825446,-1.315081180377581,0.2298727147598304,-1.8197192955318946,0.0
5.28,1.0422315399428528,-2.3145157302169417,-0.3399879139143913,-1.329657085523646,0.23674875624687386,-1.9332925110392263,0.0
5.3,1.0162999673480393,-2.310092843887879,-0.3734989191363377,-1.3141245410568505,0.2530461823179475,-1.9830180217637103,0.0
5.32,0.9895831586088399,-2.305299530044929,-0.4131283638621681,-1.2764091030871902,0.27628496782679957,-1.9857026900067163,0.0
5.34,0.9628663498696418,-2.300506216201979,-0.45275780858799675,-1.2386936651175315,0.2995237533356506,-1.9883873582497225,0.0
5.36,0.9361495411304424,-2.2957129023590284,-0.49238725331382716,-1.2009782271478713,0.3227625388445027,-1.9910720264927284,0.0
5.38,0.9094327323912442,-2.2909195885160787,-0.5320166980396558,-1.1632627891782126,0.3460013243533537,-1.9937566947357346,0.0
5.4,0.8827159236520449,-2.286126274673128,-0.5716461427654862,-1.1255473512085523,0.3692401098622058,-1.9964413629787405,0.0
5.42,0.8570824309669108,-2.2806654636254806,-0.6113527003226655,-1.0873137447957242,0.39143178518652055,-1.9966897424742802,0.0
5.44,0.8351551809969341,-2.2729210100129356,-0.6513230764287984,-1.0473073796293266,0.41004108537770106,-1.9886030867892326,0.0
5.46,0.8132279310269583,-2.265176556400391,-0.6912934525349295,-1.007301014462931,0.4286503855688808,-1.9805164311041852,0.0
5.48,0.7913006810569816,-2.257432102787846,-0.7312638286410622,-0.9672946492965336,0.44725968576006137,-1.9724297754191376,0.0
5.5,0.7693734310870057,-2.249687649175301,-0.7712342047471933,-0.927288284130138,0.4658689859512411,-1.9643431197340901,0.0
5.5200000000000005,0.747446181117029,-2.241943195562756,-0.8112045808533261,-0.8872819189637406,0.4844782861424216,-1.9562564640490425,0.0
5.54,0.7255189311470532,-2.234198741950211,-0.8511749569594571,-0.847275553797345,0.5030875863336014,-1.9481698083639953,0.0
5.5600000000000005,0.7080451508654136,-2.2243827191266696,-0.89024513441411,-0.8068393936886203,0.5203405384141365,-1.937731136825887,0.0
5.58,0.6911983890833665,-2.214275033328105,-0.9291885699692343,-0.7663427213503934,0.5374025258273941,-1.9269613173167792,0.0
5.6000000000000005,0.6743516273013185,-2.20416734752954,-0.9681320055243602,-0.7258460490121645,0.5544645132406524,-1.916191497807671,0.0
5.62,0.6575048655192713,-2.194059661730975,-1.0070754410794844,-0.6853493766739376,0.57152650065391,-1.9054216782985636,0.0
5.64,0.6406581037372241,-2.1839519759324104,-1.0460188766346086,-0.6448527043357106,0.5885884880671676,-1.8946518587894559,0.0
5.66,0.6238113419551762,-2.1738442901338453,-1.0849623121897345,-0.6043560319974818,0.6056504754804258,-1.8838820392803477,0.0
5.68,0.609674724716873,-2.162594770959262,-1.1231850029059758,-0.5637714091222906,0.6223399095998823,-1.8724033418089034,0.0
5.7,0.5979707162094363,-2.1503203493136605,-1.1607607575789578,-0.5231078423971848,0.6386949422213434,-1.8602883599280973,0.0
5.72,0.5862667077020001,-2.1380459276680597,-1.198336512251938,-0.4824442756720807,0.6550499748428038,-1.8481733780472918,0.0
5.74,0.5745626991945634,-2.1257715060224585,-1.23591226692492,-0.44178070894697485,0.6714050074642648,-1.8360583961664856,0.0
5.76,0.5628586906871272,-2.1134970843768577,-1.2734880215979005,-0.4011171422218708,0.6877600400857252,-1.82394341428568,0.0
5.78,0.5511546821796905,-2.1012226627312565,-1.3110637762708826,-0.3604535754967648,0.7041150727071863,-1.811828432404874,0.0
5.8,0.540366672061198,-2.088579823242881,-1.3483666256190565,-0.31977870070123127,0.7204028567678432,-1.7995336190416407,0.0
5.82,0.5338266110797782,-2.074228443350737,-1.3844038745546037,-0.27905138464749835,0.7363787751426191,-1.7864048358812783,0.0
5.84,0.5272865500983587,-2.0598770634585946,-1.4204411234901493,-0.23832406859376726,0.7523546935173943,-1.7732760527209166,0.0
5.86,0.5207464891169388,-2.0455256835664506,-1.4564783724256962,-0.19759675254003434,0.7683306118921701,-1.7601472695605542,0.0
5.88,0.5142064281355192,-2.031174303674308,-1.4925156213612418,-0.15686943648630325,0.7843065302669453,-1.7470184864001925,0.0
5.9,0.5076663671540993,-2.016822923782164,-1.528552870296789,-0.11614212043257033,0.8002824486417212,-1.7338897032398304,0.0
5.92,0.5011263061726798,-2.002471543890021,-1.5645901192323346,-0.07541480437883924,0.8162583670164963,-1.7207609200794685,0.0
5.94,0.4988675773866632,-1.9864407453590722,-1.5992472457469284,-0.03452635845417634,0.8314289179790993,-1.7059447546689408,0.0
5.96,0.4974995595857823,-1.970060551695499,-1.633617244296423,0.006395609780719125,0.8464319160473333,-1.6907775373339782,0.0
5.98,0.49613154178490126,-1.953680358031925,-1.6679872428459188,0.04731757801561641,0.8614349141155677,-1.6756103199990147,0.0
6.0,0.49476352398402035,-1.9373001643683516,-1.7023572413954131,0.08823954625051188,0.8764379121838016,-1.6604431026640518,0.0
6.0200000000000005,0.4933955061831393,-1.9209199707047777,-1.736727239944909,0.1291615144854092,0.8914409102520362,-1.6452758853290885,0.0
6.04,0.4920274883822584,-1.9045397770412045,-1.7710972384944035,0.17008348272030466,0.90644390832027,-1.6301086679941257,0.0
6.0600000000000005,0.49065947058137743,-1.8881595833776303,-1.8054672370438993,0.21100545095520196,0.9214469063885046,-1.6149414506591622,0.0
6.08,0.49351452169915055,-1.8702311089846235,-1.8382720077494619,0.2521034980689584,0.9352843487189625,-1.5973793416348185,0.0
6.1000000000000005,0.4979583683535021,-1.8517201431476735,-1.870487911197572,0.2932677892678142,0.9486832877264864,-1.5789162306851046,0.0
6.12,0.5024022150078534,-1.8332091773107244,-1.9027038146456807,0.3344320804666682,0.9620822267340097,-1.5604531197353912,0.0
6.140000000000001,0.5068460616622049,-1.8146982114737746,-1.934919718093791,0.37559637166552406,0.9754811657415335,-1.5419900087856773,0.0
6.16,0.5112899083165562,-1.7961872456368255,-1.9671356215418996,0.416760662864378,0.9888801047490569,-1.523526897835964,0.0
6.18,0.5157337549709075,-1.7776762797998764,-1.9993515249900082,0.457924954063232,1.00227904375658,-1.5050637868862506,0.0
6.2,0.520177601625259,-1.7591653139629264,-2.031567428438118,0.49908924526208787,1.015677982764104,-1.4866006759365364,0.0
6.22,0.5282781463891879,-1.7394640962471715,-2.062143220495007,0.5403838767950481,1.0271374063711929,-1.4645904763729956,0.0
6.24,0.5385682729553509,-1.7190501716642335,-2.0917369358400006,0.5817565543725848,1.037435474159813,-1.4404563277037274,0.0
6.26,0.5488583995215134,-1.6986362470812963,-2.1213306511849925,0.6231292319501196,1.0477335419484328,-1.4163221790344604,0.0
6.28,0.5591485260876764,-1.6782223224983581,-2.150924366529986,0.6645019095276563,1.058031609737053,-1.3921880303651923,0.0
6.3,0.569438652653839,-1.657808397915421,-2.1805180818749785,0.7058745871051912,1.0683296775256728,-1.3680538816959253,0.0
6.32,0.579728779220002,-1.637394473332483,-2.210111797219972,0.747247264682728,1.078627745314293,-1.3439197330266572,0.0
6.34,0.5900189057861644,-1.6169805487495459,-2.239705512564964,0.7886199422602627,1.0889258131029127,-1.3197855843573902,0.0
6.36,0.6033898699844856,-1.5957997732727482,-2.2675020661647207,0.8296452541236465,1.094834453154226,-1.2902470095413687,0.0
6.38,0.619555872140269,-1.573923285261906,-2.293668175095401,0.8703554243041158,1.0967608589555895,-1.2558053602949384,0.0
6.4,0.6357218742960531,-1.5520467972510628,-2.319834284026083,0.9110655944845869,1.098687264756953,-1.2213637110485063,0.0
6.42,0.6518878764518365,-1.5301703092402206,-2.3460003929567628,0.9517757646650563,1.1006136705583165,-1.1869220618020757,0.0
6.44,0.6680538786076207,-1.5082938212293773,-2.3721665018874445,0.9924859348455275,1.10254007635968,-1.1524804125556436,0.0
6.46,0.6842198807634041,-1.486417333218535,-2.398332610818125,1.0331961050259968,1.1044664821610435,-1.118038763309213,0.0
6.48,0.7003858829191882,-1.4645408452076918,-2.4244987197488066,1.0739062752064679,1.106392887962407,-1.0835971140627811,0.0
6.5,0.718998534711999,-1.4425485817030657,-2.4485949122862647,1.1028333239061345,1.0999193517474053,-1.0224245705523072,0.0
6.5200000000000005,0.7409463211084684,-1.4203984995840646,-2.469869511700935,1.1156982868886707,1.081995488986453,-0.9248139816848202,0.0
6.54,0.7628941075049366,-1.3982484174650645,-2.491144111115604,1.1285632498712062,1.0640716262255012,-0.8272033928173377,0.0
6.5600000000000005,0.7848418939014058,-1.3760983353460632,-2.512418710530274,1.141428212853742,1.0461477634645489,-0.7295928039498507,0.0
6.58,0.806789680297874,-1.353948253227063,-2.533693309944943,1.1542931758362776,1.0282239007035971,-0.6319822150823682,0.0
6.6000000000000005,0.8287374666943432,-1.331798171108062,-2.5549679093596134,1.1671581388188137,1.0103000379426448,-0.5343716262148813,0.0
6.62,0.8506852530908116,-1.3096480889890618,-2.5762425087742824,1.1800231018013492,0.9923761751816931,-0.4367610373473987,0.0
6.640000000000001,0.8732213920119671,-1.2883177177329568,-2.5930530894059776,1.1806432098546442,0.9694456024444112,-0.3601464127479596,0.0
6.66,0.896996300228356,-1.2687132380220054,-2.6004647311877966,1.1554819204047584,0.9359734609561081,-0.3277385430578422,0.0
6.68,0.9207712084447447,-1.249108758311054,-2.6078763729696157,1.1303206309548726,0.902501319467805,-0.29533067336772484,0.0
6.7,0.9445461166611345,-1.2295042786001018,-2.615288014751435,1.1051593415049858,0.8690291779795004,-0.262922803677606,0.0
6.72,0.9683210248775234,-1.2098997988891504,-2.622699656533254,1.0799980520551,0.8355570364911974,-0.23051493398748862,0.0
6.74,0.9920959330939132,-1.1902953191781982,-2.630111298315073,1.0548367626052133,0.8020848950028927,-0.1981070642973698,0.0
6.76,1.015870841310302,-1.1706908394672468,-2.637522940096892,1.0296754731553275,0.7686127535145897,-0.1656991946072524,0.0
6.78,1.0388565242332484,-1.1521362686149363,-2.6439180556582644,1.0027881925602575,0.7361227297900396,-0.1375460192785443,0.0
6.8,1.0590579483258482,-1.1372856059305687,-2.6467270315848967,0.969811895144519,0.7070974582457489,-0.12440271558547156,0.0
6.82,1.079259372418449,-1.1224349432462004,-2.649536007511529,0.9368355977287791,0.6780721867014571,-0.11125941189239824,0.0
6.84,1.0994607965110486,-1.1075842805618328,-2.652344983438161,0.9038593003130406,0.6490469151571665,-0.09811610819932551,0.0
6.86,1.1196622206036493,-1.0927336178774647,-2.6551539593647933,0.8708830028973006,0.6200216436128746,-0.08497280450625219,0.0
6.88,1.1398636446962491,-1.077882955193097,-2.657962935291425,0.8379067054815621,0.590996372068584,-0.07182950081317946,0.0
6.9,1.1600650687888496,-1.0630322925087288,-2.6607719112180575,0.8049304080658221,0.5619711005242921,-0.05868619712010614,0.0
6.92,1.179705883985396,-1.0486750698620027,-2.6633574462628653,0.7716561204212746,0.533252493978176,-0.04644863910953241,0.0
6.94,1.195223912359697,-1.037946665985506,-2.6642997695612656,0.7361903759569357,0.5067891395734687,-0.040872046328730885,0.0
6.96,1.2107419407339972,-1.0272182621090096,-2.665242092859666,0.7007246314925983,0.4803257851687627,-0.03529545354792961,0.0
6.98,1.2262599691082983,-1.0164898582325126,-2.666184416158066,0.6652588870282594,0.4538624307640554,-0.029718860767128076,0.0
7.0,1.2417779974825986,-1.0057614543560163,-2.667126739456466,0.629793142563922,0.4273990763593494,-0.024142267986326797,0.0
7.0200000000000005,1.2572960258568995,-0.9950330504795194,-2.668069062754866,0.5943273980995831,0.4009357219546421,-0.01856567520552527,0.0
7.04,1.2728140542311999,-0.9843046466030231,-2.6690113860532665,0.5588616536352458,0.37447236754993596,-0.012989082424723991,0.0
7.0600000000000005,1.288238663326271,-0.973645949073646,-2.6699390202118782,0.5233751004198683,0.34803612374357634,-0.007484335593846909,0.0
7.08,1.2987197370153158,-0.966675952611673,-2.670089338561298,0.48678739551115896,0.32303451103172914,-0.005781512735827656,0.0
7.1000000000000005,1.309200810704361,-0.9597059561496999,-2.670239656910718,0.45019969060244797,0.29803289831988083,-0.004078689877808327,0.0
7.12,1.3196818843934057,-0.952735959687727,-2.670389975260138,0.41361198569373864,0.2730312856080336,-0.0023758670197890734,0.0
7.140000000000001,1.330162958082451,-0.9457659632257538,-2.670540293609558,0.37702428078502764,0.24802967289618527,-0.0006730441617697445,0.0
7.16,1.3406440317714958,-0.9387959667637809,-2.6706906119589777,0.3404365758763183,0.22302806018433807,0.0010297786962495089,0.0
7.18,1.3511251054605407,-0.931825970301808,-2.670840930308398,0.30384887096760893,0.19802644747249085,0.002732601554268763,0.0
7.2,1.3616061791495857,-0.9248559738398348,-2.670991248657818,0.267261166058898,0.17302483476064254,0.004435424412288092,0.0
7.22,1.367320208777391,-0.9211434593570349,-2.670919704728286,0.23010195585870513,0.14887339146484407,0.003984909562259401,0.0
7.24,1.3726049834898846,-0.9177242692348107,-2.6708281829104568,0.1928912836933296,0.12479850282136123,0.0033404945125196364,0.0
7.26,1.3778897582023781,-0.9143050791125866,-2.670736661092628,0.15568061152795576,0.10072361417787949,0.0026960794627799,0.0
7.28,1.3831745329148717,-0.9108858889903623,-2.670645139274799,0.11846993936258021,0.07664872553439665,0.0020516644130401354,0.0
7.3,1.3884593076273652,-0.9074666988681382,-2.67055361745697,0.08125926719720636,0.052573836890914896,0.001407249363300399,0.0
7.32,1.3937440823398588,-0.9040475087459139,-2.670462095639141,0.04404859503183084,0.02849894824743207,0.0007628343135606345,0.0
7.34,1.3990288570523521,-0.9006283186236899,-2.670370573821312,0.006837922866456958,0.004424059603950314,0.0001184192638208981,0.0
7.36,1.4,-0.9,-2.670353755551324,-0.035099512357565005,-0.008080630882567373,0.0075475599172116995,0.0
7.38,1.4,-0.9,-2.670353755551324,-0.07810110021673006,-0.017980482348147947,0.01679432829381963,0.0
7.4,1.4,-0.9,-2.670353755551324,-0.12110268807589701,-0.02788033381372896,0.02604109667042797,0.0
7.42,1.4,-0.9,-2.670353755551324,-0.16410427593506205,-0.037780185279309535,0.0352878650470359,0.0
7.44,1.4,-0.9,-2.670353755551324,-0.20710586379422902,-0.04768003674489055,0.044534633423644235,0.0
7.46,1.4,-0.9,-2.670353755551324,-0.25010745165339404,-0.05757988821047112,0.05378140180025217,0.0
7.48,1.3980853889828286,-0.9004407829019346,-2.669942050647192,-0.2931975328644917,-0.0671184422451955,0.06278005948927862,0.0
7.5,1.3925190254278623,-0.9017222744733172,-2.6687450977657927,-0.3364563981364711,-0.07596789086989277,0.07130549372721963,0.0
7.5200000000000005,1.3869526618728958,-0.9030037660446999,-2.667548144884394,-0.3797152634084524,-0.08481733949459042,0.07983092796516102,0.0
7.54,1.3813862983179295,-0.9042852576160824,-2.6663511920029945,-0.4229741286804318,-0.09366678811928766,0.08835636220310203,0.0
7.5600000000000005,1.375819934762963,-0.905566749187465,-2.665154239121595,-0.46623299395241313,-0.10251623674398531,0.09688179644104343,0.0
7.58,1.3702535712079966,-0.9068482407588476,-2.6639572862401963,-0.5094918592243926,-0.11136568536868258,0.10540723067898444,0.0
7.6000000000000005,1.36468720765303,-0.9081297323302302,-2.662760333358797,-0.5527507244963739,-0.12021513399338021,0.11393266491692583,0.0
7.62,1.3542397036172173,-0.9104097568414761,-2.6606014078987377,-0.596348274894429,-0.12742409711638492,0.12132793085400165,0.0
7.640000000000001,1.3430736730948873,-0.9128367700263255,-2.6583008756195783,-0.6399956813117154,-0.13439157317538544,0.12855683078264593,0.0
7.66,1.3319076425725576,-0.9152637832111749,-2.6560003433404193,-0.6836430877289997,-0.14135904923438564,0.1357857307112899,0.0
7.68,1.3207416120502278,-0.9176907963960241,-2.6536998110612604,-0.7272904941462842,-0.14832652529338583,0.14301463063993386,0.0
7.7,1.3095755815278978,-0.9201178095808735,-2.6513992787821015,-0.7709379005635706,-0.15529400135238636,0.15024353056857814,0.0
7.72,1.298409551005568,-0.9225448227657228,-2.6490987465029425,-0.814585306980855,-0.16226147741138655,0.15747243049722212,0.0
7.74,1.2849868844181875,-0.9253320648633007,-2.646424469306762,-0.8584512421357683,-0.16751459042195474,0.16355541971151194,0.0
7.76,1.2681708920119923,-0.9286609867156145,-2.643188188207418,-0.9026457811001405,-0.17018979887575125,0.16791529172790756,0.0
7.78,1.2513548996057964,-0.9319899085679284,-2.6399519071080735,-0.9468403200645148,-0.1728650073295479,0.17227516374430338,0.0
7.8,1.2345389071996014,-0.9353188304202422,-2.6367156260087294,-0.991034859028887,-0.17554021578334442,0.176635035760699,0.0
7.82,1.2177229147934054,-0.9386477522725561,-2.633479344909385,-1.0352293979932612,-0.17821542423714104,0.18099490777709482,0.0
7.84,1.2009069223872104,-0.9419766741248701,-2.630243063810041,-1.0794239369576335,-0.18089063269093755,0.18535477979349044,0.0
7.86,1.1840909299810145,-0.945305595977184,-2.6270067827106964,-1.1236184759220076,-0.1835658411447342,0.18971465180988625,0.0
7.88,1.1619710223500077,-0.9489555773807485,-2.623247260683675,-1.1657141931963304,-0.17068161533827475,0.18504423159718567,0.0
7.9,1.1394342441945617,-0.9526307930231412,-2.619446613617756,-1.2076449498969,-0.15657446849233675,0.17966405972032543,0.0
7.92,1.116897466039117,-0.9563060086655337,-2.6156459665518375,-1.2495757065974675,-0.1424673216463994,0.1742838878434654,0.0
7.94,1.0943606878836714,-0.9599812243079263,-2.6118453194859184,-1.291506463298037,-0.12836017480046139,0.16890371596660514,0.0
7.96,1.0718239097282265,-0.9636564399503188,-2.6080446724199997,-1.3334372199986049,-0.114253027954524,0.16352354408974515,0.0
7.98,1.0492871315727808,-0.9673316555927114,-2.6042440253540806,-1.3753679766991744,-0.100145881108586,0.15814337221288488,0.0
8.0,1.0242815211163891,-0.9701762594706618,-2.600760156308866,-1.387710744919007,-0.07602333271997289,0.14413170643098128,0.0
8.02,0.996316993718414,-0.9720253679394084,-2.597655948471026,-1.3645920521277146,-0.039897238651071275,0.11977512028449264,0.0
8.040000000000001,0.9683524663204363,-0.9738744764081552,-2.5945517406331864,-1.3414733593364203,-0.003771144582166458,0.09541853413800183,0.0
8.06,0.940387938922461,-0.9757235848769017,-2.5914475327953466,-1.318354666545128,0.032354949486735146,0.07106194799151319,0.0
8.08,0.9124234115244858,-0.9775726933456483,-2.5883433249575067,-1.2952359737538357,0.06848104355563674,0.04670536184502455,0.0
8.1,0.8844588841265106,-0.979421801814395,-2.585239117119667,-1.2721172809625436,0.10460713762453834,0.02234877569853591,0.0
8.120000000000001,0.8564943567285329,-0.9812709102831417,-2.582134909281827,-1.2489985881712493,0.14073323169344315,-0.002007810447954894,0.0
8.14,0.8314703007030655,-0.9785251332897589,-2.5821286207313077,-1.2127075472636104,0.164644007868626,-0.020979685737263346,0.0
8.16,0.8064983848666298,-0.975697880176998,-2.582177264222894,-1.1761829353961595,0.18833818306275013,-0.039856079790264176,0.0
8.18,0.7815264690301942,-0.9728706270642371,-2.5822259077144807,-1.1396583235287083,0.21203235825687422,-0.05873247384326501,0.0
8.2,0.7565545531937585,-0.9700433739514762,-2.582274551206067,-1.1031337116612572,0.23572653345099837,-0.07760886789626584,0.0
8.22,0.7315826373573207,-0.9672161208387151,-2.5823231946976537,-1.066609099793803,0.25942070864512456,-0.09648526194926835,0.0
8.24,0.706610721520885,-0.9643888677259542,-2.58237183818924,-1.030084487926352,0.28311488383924865,-0.11536165600226918,0.0
8.26,0.684051478777859,-0.9599964700151111,-2.583667382488357,-0.9923201896172827,0.3048733619113182,-0.13284841349178844,0.0
8.28,0.6638075108726518,-0.9541021117131765,-2.5861594909108185,-0.9533662503108883,0.3247742858652714,-0.1490016332641878,0.0
8.3,0.6435635429674428,-0.9482077534112413,-2.5886515993332804,-0.9144123110044904,0.34467520981922634,-0.16515485303658864,0.0
8.32,0.6233195750622356,-0.9423133951093068,-2.5911437077557418,-0.8754583716980959,0.36457613377317954,-0.18130807280898803,0.0
8.34,0.6030756071570285,-0.9364190368073722,-2.593635816178203,-0.8365044323917015,0.3844770577271328,-0.19746129258138742,0.0
8.36,0.5828316392518212,-0.9305246785054375,-2.5961279246006645,-0.797550493085307,0.40437798168108596,-0.2136145123537868,0.0
8.38,0.5627794015938016,-0.9245323683881809,-2.598699538738723,-0.7585609713649515,0.4242124258054954,-0.22972095847624696,0.0
8.4,0.5475778472103374,-0.916061924334012,-2.6032826093398582,-0.7186712316415316,0.4423649621349715,-0.24464405369407158,0.0
8.42,0.5323762928268732,-0.9075914802798432,-2.6078656799409936,-0.6787814919181115,0.4605174984644476,-0.2595671489118962,0.0
8.44,0.517174738443409,-0.8991210362256742,-2.6124487505421294,-0.6388917521946916,0.4786700347939237,-0.27449024412972084,0.0
8.46,0.5019731840599435,-0.8906505921715046,-2.6170318211432653,-0.599002012471268,0.49682257112340145,-0.2894133393475468,0.0
8.48,0.4867716296764793,-0.8821801481173357,-2.6216148917444007,-0.5591122727478481,0.5149751074528776,-0.3043364345653714,0.0
8.5,0.47157007529301515,-0.8737097040631668,-2.626197962345536,-0.5192225330244281,0.5331276437823537,-0.31925952978319605,0.0
8.52,0.45928978179469276,-0.8639098882278561,-2.6318739018058657,-0.479057113821032,0.5507129681055323,-0.33381172865447023,0.0
8.540000000000001,0.44925177611879513,-0.8530896793932433,-2.638388700454344,-0.4386800898465599,0.5678629144791005,-0.34807923663576656,0.0
8.56,0.43921377044289844,-0.8422694705586314,-2.644903499102821,-0.39830306587209136,0.5850128608526673,-0.3623467446170616,0.0
8.58,0.42917576476700176,-0.8314492617240196,-2.6514182977512983,-0.3579260418976229,0.602162807226234,-0.37661425259835674,0.0
8.6,0.41913775909110507,-0.8206290528894078,-2.657933096399776,-0.3175490179231544,0.6193127535998009,-0.3908817605796518,0.0
8.620000000000001,0.40909975341520743,-0.8098088440547949,-2.664447895048254,-0.2771719939486822,0.6364626999733691,-0.40514926856094813,0.0
8.64,0.39955028035515794,-0.7987811333456315,-2.6711353201637076,-0.23667364198293347,0.6533552017703287,-0.4190297921934954,0.0
8.66,0.39473890015750107,-0.7857409405240073,-2.6794969840188227,-0.1949985757695673,0.6677508460979692,-0.4291571011558613,0.0
8.68,0.3899275199598442,-0.7727007477023833,-2.687858647873938,-0.1533235095562011,0.6821464904256096,-0.4392844101182272,0.0
8.700000000000001,0.38511613976218695,-0.7596605548807579,-2.696220311729054,-0.11164844334283122,0.6965421347532513,-0.4494117190805941,0.0
8.72,0.3803047595645301,-0.7466203620591338,-2.704581975584169,-0.06997337712946503,0.7109377790808918,-0.45953902804296,0.0
8.74,0.3754933793668732,-0.7335801692375097,-2.7129436394392847,-0.02829831091609883,0.7253334234085322,-0.46966633700532595,0.0
8.76,0.37068199916921635,-0.7205399764158855,-2.7213053032944,0.01337675529726734,0.7397290677361728,-0.47979364596769186,0.0
8.78,0.36999542985741585,-0.7060749673713534,-2.730669322707597,0.056167654775635185,0.7508121897113019,-0.4852278701798903,0.0
8.8,0.3704426767582904,-0.6912183089207454,-2.7403088667482427,0.09926527130880304,0.7609847750213443,-0.4893720726857743,0.0
8.82,0.37088992365916496,-0.6763616504701389,-2.7499484107888876,0.14236288784196705,0.7711573603313857,-0.493516275191658,0.0
8.84,0.37133717056003945,-0.6615049920195322,-2.759587954829533,0.18546050437513106,0.7813299456414271,-0.49766047769754174,0.0
8.86,0.371784417460914,-0.6466483335689255,-2.769227498870178,0.22855812090829508,0.7915025309514684,-0.5018046802034255,0.0
8.88,0.37223166436178856,-0.6317916751183176,-2.7788670429108238,0.271655737441463,0.8016751162615108,-0.5059488827093095,0.0
8.9,0.3752636998837562,-0.6163249137230095,-2.78875513636887,0.31524740434166243,0.8086057244935022,-0.505762717797681,0.0
8.92,0.3811490735778337,-0.6001846620442687,-2.798917602568479,0.3593844515331953,0.8119575267548945,-0.5007962770248787,0.0
8.94,0.3870344472719112,-0.584044410365528,-2.8090800687680875,0.40352149872472826,0.8153093290162868,-0.4958298362520764,0.0
8.96,0.3929198209659892,-0.5679041586867859,-2.819242534967697,0.4476585459162651,0.8186611312776794,-0.4908633954792736,0.0
8.98,0.3988051946600667,-0.5517639070080451,-2.8294050011673053,0.491795593107798,0.8220129335390717,-0.48589695470647126,0.0
9.0,0.4046905683541442,-0.5356236553293044,-2.8395674673669142,0.535932640299331,0.825364735800464,-0.4809305139336689,0.0
9.02,0.41150171272934705,-0.5194130998930636,-2.8496257629083215,0.5798551145010002,0.8269045486773757,-0.47373386927510036,0.0
9.040000000000001,0.4229563702542478,-0.502849912396765,-2.859161555597746,0.6227013259517403,0.8193557214563745,-0.45535088951087255,0.0
9.06,0.4344110277791476,-0.4862867249004679,-2.8686973482871694,0.6655475374024766,0.8118068942353739,-0.43696790974664634,0.0
9.08,0.4458656853040473,-0.46972353740417083,-2.8782331409765933,0.7083937488532128,0.8042580670143734,-0.41858492998242014,0.0
9.1,0.45732034282894707,-0.45316034990787374,-2.887768933666017,0.751239960303949,0.7967092397933728,-0.40020195021819394,0.0
9.120000000000001,0.46877500035384784,-0.4365971624115752,-2.8973047263554417,0.7940861717546891,0.7891604125723716,-0.38181897045396607,0.0
9.14,0.4802296578787476,-0.42003397491527805,-2.906840519044865,0.8369323832054254,0.7816115853513711,-0.36343599068973986,0.0
9.16,0.49631839997962435,-0.40428724009022277,-2.914388078000162,0.8733379007689119,0.7613557003682503,-0.33555720537842815,0.0
9.18,0.5131794615987783,-0.3886765757928869,-2.9216042766415526,0.908670008143435,0.7389820489592779,-0.3060958430024254,0.0
9.200000000000001,0.5300405232179337,-0.3730659114955496,-2.928820475282944,0.9440021155179613,0.7166083975503034,-0.27663448062642015,0.0
9.22,0.5469015848370877,-0.3574552471982137,-2.9360366739243347,0.9793342228924845,0.694234746141331,-0.24717311825041743,0.0
9.24,0.5637626464562416,-0.3418445829008778,-2.943252872565725,1.0146663302670076,0.6718610947323584,-0.21771175587441474,0.0
9.26,0.5806237080753955,-0.3262339186035419,-2.950469071207116,1.0499984376415308,0.649487443323386,-0.18825039349841202,0.0
9.28,0.5999281943917271,-0.3121705249470213,-2.9556478419736574,1.0744779318869022,0.6207080959393686,-0.14790753176425583,0.0
9.3,0.621247518328611,-0.29938300408489715,-2.9591465583738223,1.090008407470413,0.5866466388790246,-0.0985918319065673,0.0
9.32,0.6425668422654932,-0.28659548322277406,-2.9626452747739873,1.1055388830539228,0.5525851818186834,-0.04927613204888312,0.0
9.34,0.6638861662023753,-0.2738079623606511,-2.966143991174152,1.1210693586374323,0.5185237247583424,3.956780880104427e-05,0.0
9.36,0.6852054901392574,-0.261020441498528,-2.969642707574317,1.1365998342209418,0.4844622676980013,0.04935526766648521,0.0
9.38,0.7065248140761414,-0.24823292063640384,-2.973141423974482,1.1521303098044526,0.45040081063765725,0.09867096752417373,0.0
9.4,0.72831246929204,-0.23647254447854016,-2.9751529943651285,1.1647548851613256,0.41597088168879626,0.14975650841648708,0.0
9.42,0.7515914536968482,-0.22798295322727688,-2.972428976185174,1.1681260665592401,0.38036761047717543,0.20647783686545357,0.0
9.44,0.7748704381016563,-0.2194933619760136,-2.9697049580052197,1.1714972479571548,0.3447643392655546,0.2631991653144201,0.0
9.46,0.7981494225064666,-0.21100377072474957,-2.966980939825265,1.1748684293550695,0.3091610680539306,0.3199204937633916,0.0
9.48,0.8214284069112748,-0.2025141794734863,-2.964256921645311,1.1782396107529842,0.27355779684230974,0.3766418222123581,0.0
9.5,0.844707391316083,-0.19402458822222302,-2.961532903465357,1.1816107921508987,0.23795452563068895,0.43336315066132464,0.0
9.52,0.8679863757208912,-0.18553499697095974,-2.9588088852854026,1.1849819735488132,0.20235125441906812,0.4900844791102911,0.0
9.540000000000001,0.8916609242530598,-0.1812229848071487,-2.949429359690624,1.180590359396531,0.16465636202175968,0.5366722147651026,0.0
9.56,0.9153652897661394,-0.1772258717641083,-2.9395481527657417,1.1756135983344471,0.1268038066195016,0.5824960966676952,0.0
9.58,0.9390696552792189,-0.17322875872106794,-2.92966694584086,1.1706368372723635,0.08895125121724354,0.6283199785702878,0.0
9.6,0.9627740207922985,-0.16923164567802756,-2.919785738915978,1.1656600762102796,0.05109869581498547,0.6741438604728802,0.0
9.620000000000001,0.9864783863053801,-0.16523453263498683,-2.909904531991095,1.1606833151481954,0.013246140412724039,0.7199677423754769,0.0
9.64,1.0101827518184596,-0.16123741959194646,-2.9000233250662126,1.1557065540861116,-0.02460641498953403,0.7657916242780695,0.0
9.66,1.0334972545575691,-0.16020554881529173,-2.8865524288856528,1.1457461921346883,-0.06270250309583092,0.8052211085906887,0.0
9.68,1.0565736443297107,-0.16098473228892332,-2.870889090604358,1.1327420412575895,-0.10094733147327971,0.8407451444127677,0.0
9.700000000000001,1.0796500341018542,-0.16176391576255503,-2.855225752323062,1.1197378903804895,-0.1391921598507319,0.8762691802348498,0.0
9.72,1.102726423873996,-0.16254309923618665,-2.839562414041767,1.1067337395033907,-0.1774369882281807,0.9117932160569288,0.0
9.74,1.1258028136461375,-0.16332228270981825,-2.823899075760472,1.0937295886262919,-0.2156818166056295,0.9473172518790077,0.0
9.76,1.1488792034182793,-0.16410146618344987,-2.808235737479177,1.080725437749193,-0.25392664498307826,0.9828412877010868,0.0
9.78,1.1714440573801537,-0.1663850615527508,-2.791175013346246,1.065973588763794,-0.2915733898201223,1.018153117039761,0.0
9.8,1.192879562412112,-0.17199003918000633,-2.771029194906027,1.047363239652279,-0.3278997090040668,1.0529964451315177,0.0
9.82,1.2143150674440686,-0.17759501680726136,-2.75088337646581,1.0287528905407655,-0.364226028188008,1.0878397732232714,0.0
9.84,1.2357505724760252,-0.1831999944345164,-2.7307375580255933,1.010142541429252,-0.4005523473719492,1.1226831013150251,0.0
9.86,1.2571860775079817,-0.18880497206177144,-2.7105917395853765,0.9915321923177385,-0.43687866655589047,1.1575264294067789,0.0
9.88,1.2786215825399403,-0.19440994968902695,-2.690445921145158,0.9729218432062233,-0.47320498573983494,1.1923697574985357,0.0
9.9,1.3000508335636716,-0.20002713477663708,-2.6702883936037747,0.9543078405376592,-0.5095289670306119,1.227219397219924,0.0
9.92,1.3191380547164884,-0.21021582597191787,-2.645745987804386,0.9343256369586384,-0.5449774432967196,1.2644326451436014,0.0
9.94,1.3382252758693054,-0.22040451716719867,-2.621203582004998,0.9143434333796177,-0.5804259195628274,1.3016458930672787,0.0
9.96,1.357312497022124,-0.23059320836248037,-2.596661176205607,0.8943612298005951,-0.6158743958289382,1.3388591409909596,0.0
9.98,1.3763997181749408,-0.2407818995577612,-2.5721187704062185,0.8743790262215744,-0.6513228720950459,1.376072388914637,0.0
10.0,1.3954869393277578,-0.25097059075304196,-2.5475763646068303,0.8543968226425536,-0.6867713483611537,1.4132856368383144,0.0
10.02,1.4145741604805746,-0.2611592819483228,-2.5230339588074417,0.8344146190635329,-0.7222198246272613,1.450498884761992,0.0
10.040000000000001,1.4336613816333932,-0.2713479731436045,-2.498491553008051,0.8144324154845103,-0.7576683008933722,1.4877121326856726,0.0
10.06,1.45274860278621,-0.2815366643388853,-2.4739491472086628,0.7944502119054895,-0.7931167771594799,1.5249253806093501,0.0
10.08,1.4703325107565335,-0.2943922366646383,-2.4466070919138705,0.7738515356450341,-0.828284145490686,1.5628905355887384,0.0
10.1,1.485997422003361,-0.3106521137027608,-2.4156912515480884,0.7524659248525233,-0.8630926762807148,1.60181550865067,0.0
10.120000000000001,1.50166233325019,-0.3269119907408848,-2.3847754111823036,0.7310803140600105,-0.8979012070707467,1.640740481712605,0.0
10.14,1.5173272444970174,-0.3431718677790073,-2.3538595708165215,0.7096947032674997,-0.9327097378607756,1.6796654547745364,0.0
10.16,1.5329921557438446,-0.3594317448171298,-2.32294373045074,0.688309092474989,-0.9675182686508045,1.718590427836468,0.0
10.18,1.548657066990672,-0.37569162185525234,-2.2920278900849578,0.6669234816824782,-1.0023267994408334,1.7575154008983997,0.0
10.200000000000001,1.564321978237501,-0.3919514988933763,-2.261112049719173,0.6455378708899654,-1.0371353302308652,1.7964403739603347,0.0
10.22,1.5799868894843285,-0.4082113759314988,-2.230196209353391,0.6241522600974546,-1.0719438610208942,1.8353653470222662,0.0
10.24,1.595651800731156,-0.42447125296962135,-2.199280368987609,0.6027666493049438,-1.106752391810923,1.8742903200841978,0.0
10.26,1.6081086761685734,-0.44595272570266103,-2.16252542920706,0.5758600208852228,-1.1402916447513964,1.8974947160485476,0.0
10.28,1.6201109189128295,-0.4681741864702537,-2.124942990716932,0.5481709713012841,-1.1736510196476722,1.9184712415249923,0.0
10.3,1.6321131616570868,-0.49039564723784834,-2.0873605522267997,0.520481921717343,-1.2070103945439505,1.939447767001439,0.0
10.32,1.644115404401343,-0.5126171080054409,-2.049778113736671,0.4927928721334043,-1.2403697694402263,1.9604242924778839,0.0
10.34,1.6561176471455992,-0.5348385687730336,-2.0121956752465424,0.4651038225494656,-1.2737291443365018,1.9814008179543288,0.0
10.36,1.6681198898898553,-0.5570600295406263,-1.974613236756414,0.4374147729655269,-1.3070885192327775,2.0023773434307737,0.0
10.38,1.6801221326341125,-0.5792814903082208,-1.937030798266282,0.4097257233815857,-1.3404478941290559,2.02335386890722,0.0
10.4,1.6921243753783686,-0.6015029510758135,-1.8994483597761536,0.382036673797647,-1.3738072690253316,2.044330394383665,0.0
10.42,1.7026447648399068,-0.6255097276972281,-1.860743306620503,0.3527552250549074,-1.4060099467752316,2.0566456072494104,0.0
10.44,1.709904762400652,-0.65344457831763,-1.8195682628079737,0.3199701600090336,-1.4356676451727928,2.049904093099399,0.0
10.46,1.717164759961398,-0.6813794289380344,-1.7783932189954406,0.2871850949631568,-1.4653253435703564,2.043162578949387,0.0
10.48,1.7244247575221432,-0.7093142795584362,-1.7372181751829112,0.25440002991728294,-1.4949830419679175,2.036421064799375,0.0
10.5,1.7316847550828887,-0.7372491301788381,-1.6960431313703819,0.22161496487140914,-1.5246407403654787,2.0296795506493637,0.0
10.52,1.738944752643634,-0.7651839807992399,-1.6548680875578525,0.18882989982553527,-1.5542984387630399,2.022938036499352,0.0
10.540000000000001,1.7462047502043798,-0.7931188314196442,-1.6136930437453196,0.1560448347796585,-1.5839561371606035,2.0161965223493397,0.0
10.56,1.753464747765125,-0.8210536820400461,-1.5725179999327903,0.12325976973378466,-1.6136138355581646,2.0094550081993283,0.0
10.58,1.7607247453258703,-0.8489885326604479,-1.5313429561202607,0.0904747046879108,-1.6432715339557258,2.002713494049317,0.0
10.6,1.7637786110680502,-0.8807282922758707,-1.4910328090871645,0.06859646855731974,-1.6428110552693054,1.9856445228528965,0.0
10.620000000000001,1.7654235796140376,-0.9137425544143012,-1.4510123701992448,0.050371613095936796,-1.6322621111998545,1.965116238942531,0.0
10.64,1.767068548160025,-0.9467568165527288,-1.4109919313113286,0.03214675763455547,-1.6217131671304048,1.9445879550321674,0.0
10.66,1.7687135167060122,-0.9797710786911564,-1.3709714924234124,0.013921902173174142,-1.611164223060955,1.9240596711218039,0.0
10.68,1.7703584852519996,-1.0127853408295842,-1.3309510535354963,-0.0043029532882071925,-1.6006152789915054,1.90353138721144,0.0
10.700000000000001,1.772003453797987,-1.0457996029680146,-1.2909306146475765,-0.022527808749590136,-1.5900663349220547,1.8830031033010748,0.0
10.72,1.7736484223439744,-1.0788138651064423,-1.2509101757596603,-0.04075266421097147,-1.579517390852605,1.862474819390711,0.0
10.74,1.7752933908899615,-1.1118281272448698,-1.2108897368717442,-0.058977519672352804,-1.5689684467831553,1.8419465354803475,0.0
10.76,1.7763587593233905,-1.1445069041893008,-1.17152215340374,-0.07517068434870237,-1.5523987621557693,1.8285870487367926,0.0
10.78,1.774882395272897,-1.1757144709027803,-1.1350175504496123,-0.08245423297476097,-1.5094261981607013,1.8466650379956109,0.0
10.8,1.7734060312224034,-1.2069220376162624,-1.0985129474954811,-0.08973778160082022,-1.4664536341656298,1.8647430272544312,0.0
10.82,1.77192966717191,-1.2381296043297418,-1.062008344541353,-0.09702133022687881,-1.4234810701705618,1.8828210165132495,0.0
10.84,1.7704533031214165,-1.2693371710432213,-1.0255037415872252,-0.1043048788529374,-1.3805085061754938,1.900899005772068,0.0
10.86,1.7689769390709231,-1.3005447377567008,-0.9889991386330973,-0.111588427478996,-1.3375359421804258,1.9189769950308866,0.0
10.88,1.7675005750204296,-1.3317523044701831,-0.9524945356789662,-0.11887197610505523,-1.294563378185354,1.9370549842897067,0.0
10.9,1.766024210969936,-1.3629598711836626,-0.9159899327248383,-0.12615552473111383,-1.251590814190286,1.9551329735485252,0.0
10.92,1.7645478469194424,-1.394167437897142,-0.8794853297707104,-0.13343907335717242,-1.2086182501952183,1.9732109628073438,0.0
10.94,1.762295208044736,-1.4207950228910093,-0.8410539890882445,-0.1362684233941119,-1.1679085566763308,1.9542134395955277,0.0
10.96,1.7595714059669427,-1.444642769108993,-0.8014532070027096,-0.13639427924448969,-1.1285723217167956,1.9127127813252462,0.0
10.98,1.7568476038891496,-1.4684905153269743,-0.7618524249171784,-0.13652013509486746,-1.089236086757264,1.8712121230549688,0.0
11.0,1.7541238018113563,-1.4923382615449559,-0.7222516428316472,-0.13664599094524524,-1.0498998517977323,1.8297114647846913,0.0
11.02,1.7513999997335632,-1.5161860077629372,-0.6826508607461159,-0.13677184679562304,-1.0105636168382006,1.7882108065144136,0.0
11.040000000000001,1.7486761976557699,-1.5400337539809208,-0.6430500786605812,-0.13689770264600082,-0.9712273818786654,1.7467101482441323,0.0
11.06,1.7459523955779768,-1.5638815001989022,-0.60344929657505,-0.1370235584963786,-0.9318911469191338,1.7052094899738548,0.0
11.08,1.7432285935001834,-1.5877292464168835,-0.5638485144895187,-0.13714941434675637,-0.892554911959602,1.663708831703577,0.0
11.1,1.7405035218150064,-1.611180176958785,-0.5246663823278104,-0.136826124573714,-0.8534916366324115,1.6213677472569583,0.0
11.120000000000001,1.7377581646708875,-1.6282908890937167,-0.4921733305454827,-0.1293265020076972,-0.8187896398273399,1.5655985503789482,0.0
11.14,1.7350128075267688,-1.645401601228647,-0.4596802787631579,-0.12182687944168114,-0.7840876430222714,1.5098293535009433,0.0
11.16,1.7322674503826503,-1.662512313363577,-0.42718722698083317,-0.11432725687566506,-0.7493856462172028,1.4540601566229383,0.0
11.18,1.7295220932385316,-1.6796230254985074,-0.39469417519850847,-0.10682763430964898,-0.7146836494121344,1.3982909597449331,0.0
11.200000000000001,1.7267767360944126,-1.696733737633439,-0.3622011234161808,-0.09932801174363223,-0.6799816526070628,1.3425217628669233,0.0
11.22,1.724031378950294,-1.7138444497683694,-0.32970807163385607,-0.09182838917761614,-0.6452796558019943,1.2867525659889183,0.0
11.24,1.7212860218061752,-1.7309551619032997,-0.2972150198515313,-0.08432876661160006,-0.6105776589969258,1.230983369110913,0.0
11.26,1.7185406646620565,-1.7480658740382298,-0.2647219680692065,-0.07682914404558397,-0.5758756621918573,1.1752141722329081,0.0
11.28,1.7164317574951136,-1.7622316266261793,-0.236961728340779,-0.07038838871107293,-0.5421655175960415,1.1143317478642905,0.0
11.3,1.7149708449067396,-1.7733990008827853,-0.2140201494062744,-0.06502570745943646,-0.5094652164716442,1.048243346888346,0.0
11.32,1.7135099323183658,-1.7845663751393903,-0.19107857047177185,-0.05966302620780047,-0.47676491534724985,0.9821549459124075,0.0
11.34,1.712049019729992,-1.7957337493959953,-0.16813699153726927,-0.05430034495616448,-0.44406461422285554,0.9160665449364689,0.0
11.36,1.7105881071416182,-1.8069011236526002,-0.1451954126027667,-0.04893766370452848,-0.4113643130984612,0.8499781439605303,0.0
11.38,1.7091271945532442,-1.8180684979092063,-0.12225383366826209,-0.04357498245289202,-0.37866401197406396,0.7838897429845859,0.0
11.4,1.7076662819648705,-1.8292358721658113,-0.09931225473375954,-0.03821230120125603,-0.3459637108496696,0.7178013420086473,0.0
11.42,1.7062053693764967,-1.8404032464224165,-0.07637067579925697,-0.03284961994962004,-0.3132634097252753,0.6517129410327088,0.0
11.44,1.704744456788123,-1.8515706206790215,-0.05342909686475439,-0.027486938697984048,-0.28056310860088096,0.5856245400567702,0.0
11.46,1.7041396466324394,-1.857517694487272,-0.0410379195284912,-0.024170593554325236,-0.24804593990036602,0.517881989545041,0.0
11.48,1.70359718916327,-1.8630845570673595,-0.029415161785882583,-0.02100328963397264,-0.21554210932176665,0.450018962016183,0.0
11.5,1.7030547316941007,-1.8686514196474473,-0.017792404043273966,-0.017835985713620044,-0.18303827874316725,0.382155934487325,0.0
11.52,1.7025122742249315,-1.8742182822275348,-0.006169646300665355,-0.014668681793267444,-0.15053444816456782,0.314292906958467,0.0
11.540000000000001,1.701969816755762,-1.8797851448076228,0.00545311144194429,-0.011501377872914564,-0.11803061758596553,0.24642987942960298,0.0
11.56,1.7014273592865927,-1.8853520073877106,0.017075869184552915,-0.008334073952561968,-0.08552678700736613,0.17856685190074495,0.0
11.58,1.7008849018174232,-1.8909188699677981,0.028698626927161526,-0.005166770032209368,-0.05302295642876673,0.11070382437188692,0.0
11.6,1.700342444348254,-1.8964857325478857,0.04032138466977014,-0.001999466111856772,-0.020519125850167352,0.04284079684302888,1.0
